Product,Machine,Rate
(BCAAs) LIMITLESS ALPHA LEMON FLAVOR (5000) 1 SCOOP JAR  (10 gm)  31500,Sieving/milling,0.5
(BCAAs) LIMITLESS ALPHA LEMON FLAVOR (5000) 1 SCOOP JAR  (10 gm)  31500,Semiautomatic Powder Filling,0.05
(BCAAs) LIMITLESS ALPHA MIXED BERRIES (5000) 1 SCOOP JAR  (10 gm)  31550,Sieving/milling,0.5
(BCAAs) LIMITLESS ALPHA MIXED BERRIES (5000) 1 SCOOP JAR  (10 gm)  31550,Semiautomatic Powder Filling,0.05
(BCAAs) LIMITLESS ALPHA WATERMELON (5000) 1 SCOOP JAR  (10 gm)  32550,Sieving/milling,0.5
(BCAAs) LIMITLESS ALPHA WATERMELON (5000) 1 SCOOP JAR  (10 gm)  32550,Semiautomatic Powder Filling,0.05
AMAGLUST 30MG /2MG 10 TAB   60000,VG1200/FBD,0.083333333
AMAGLUST 30MG /2MG 10 TAB   60000,Fette 2100,55
AMAGLUST 30MG /2MG 10 TAB   60000,BEC 500 II,15
AMAGLUST 30MG /2MG 10 TAB   60000,VG 1500/WSG 500,0.083333333
AMAGLUST 30MG /4MG 10 TAB   180000,VG1200/FBD,0.052631579
AMAGLUST 30MG /4MG 10 TAB   180000,Fette 2100,55
AMAGLUST 30MG /4MG 10 TAB   180000,BEC 500 II,15
AMAGLUST 30MG /4MG 10 TAB   180000,VG 1500/WSG 500,0.052631579
AMAGLUST 30MG /4MG 10 TAB   60000,VG1200/FBD,0.083333333
AMAGLUST 30MG /4MG 10 TAB   60000,Fette 2100,55
AMAGLUST 30MG /4MG 10 TAB   60000,BEC 500 II,15
AMAGLUST 30MG /4MG 10 TAB   60000,VG 1500/WSG 500,0.052631579
Amloveran Plus 10/1.25/5,Sieving/milling,1
Amloveran Plus 10/1.25/5,Alexanderwerck,1
Amloveran Plus 10/1.25/5,Fette 3090,130
Amloveran Plus 10/1.25/5,Fette 3090 II,130
Amloveran Plus 10/1.25/5,GCS 500,0.333333333
Amloveran Plus 10/1.25/5,GCS 700,0.333333333
Amloveran Plus 10/1.25/5,Uhlmann,15
Amloveran Plus 10/1.25/5,BEC 500,15
Amloveran Plus 10/1.25/5,BEC 500 II,15
amloveran plus 10/2.5/10,Sieving/milling,1
amloveran plus 10/2.5/10,Alexanderwerck,1
amloveran plus 10/2.5/10,Fette 3090,130
amloveran plus 10/2.5/10,Fette 3090 II,130
amloveran plus 10/2.5/10,GCS 500,0.333333333
amloveran plus 10/2.5/10,GCS 700,0.333333333
amloveran plus 10/2.5/10,Uhlmann,15
amloveran plus 10/2.5/10,BEC 500,15
amloveran plus 10/2.5/10,BEC 500 II,15
Amloveran Plus 5/1.25/5,Sieving/milling,1
Amloveran Plus 5/1.25/5,Alexanderwerck,1
Amloveran Plus 5/1.25/5,Fette 3090,130
Amloveran Plus 5/1.25/5,Fette 3090 II,130
Amloveran Plus 5/1.25/5,GCS 500,0.333333333
Amloveran Plus 5/1.25/5,GCS 700,0.333333333
Amloveran Plus 5/1.25/5,Uhlmann,15
Amloveran Plus 5/1.25/5,BEC 500,15
Amloveran Plus 5/1.25/5,BEC 500 II,15
amloveran plus 5/2.5/10,Sieving/milling,1
amloveran plus 5/2.5/10,Alexanderwerck,1
amloveran plus 5/2.5/10,Fette 3090,130
amloveran plus 5/2.5/10,Fette 3090 II,130
amloveran plus 5/2.5/10,GCS 500,0.333333333
amloveran plus 5/2.5/10,GCS 700,0.333333333
amloveran plus 5/2.5/10,Uhlmann,15
amloveran plus 5/2.5/10,BEC 500,15
amloveran plus 5/2.5/10,BEC 500 II,15
ANSELACOX 120 MG 10 TAB.   25500,Sieving/milling,1
ANSELACOX 120 MG 10 TAB.   25500,Alexanderwerck,0.333333333
ANSELACOX 120 MG 10 TAB.   25500,Fette 3090,300
ANSELACOX 120 MG 10 TAB.   25500,Fette 3090 II,300
ANSELACOX 120 MG 10 TAB.   25500,GCS 500,0.2
ANSELACOX 120 MG 10 TAB.   25500,GCS 700,0.2
ANSELACOX 120 MG 10 TAB.   25500,Uhlmann,15
ANSELACOX 120 MG 10 TAB.   25500,BEC 500,15
ANSELACOX 120 MG 10 TAB.   25500,BEC 500 II,15
ANSELACOX 30 MG 10 TAB.   90000,Sieving/milling,1
ANSELACOX 30 MG 10 TAB.   90000,Alexanderwerck,0.5
ANSELACOX 30 MG 10 TAB.   90000,Fette 2100,80
ANSELACOX 30 MG 10 TAB.   90000,Fette 3090,300
ANSELACOX 30 MG 10 TAB.   90000,Fette 3090 II,300
ANSELACOX 30 MG 10 TAB.   90000,GCS 500,0.2
ANSELACOX 30 MG 10 TAB.   90000,GCS 700,0.2
ANSELACOX 30 MG 10 TAB.   90000,Uhlmann,15
ANSELACOX 30 MG 10 TAB.   90000,BEC 500,15
ANSELACOX 30 MG 10 TAB.   90000,BEC 500 II,15
ANSELACOX 60 MG 10 TAB.   45000,Sieving/milling,1
ANSELACOX 60 MG 10 TAB.   45000,Alexanderwerck,1
ANSELACOX 60 MG 10 TAB.   45000,Fette 2100,70
ANSELACOX 60 MG 10 TAB.   45000,Fette 3090,300
ANSELACOX 60 MG 10 TAB.   45000,Fette 3090 II,300
ANSELACOX 60 MG 10 TAB.   45000,GCS 500,0.4
ANSELACOX 60 MG 10 TAB.   45000,GCS 700,0.4
ANSELACOX 60 MG 10 TAB.   45000,Uhlmann,15
ANSELACOX 60 MG 10 TAB.   45000,BEC 500,15
ANSELACOX 60 MG 10 TAB.   45000,BEC 500 II,15
ANSELACOX 90 MG 10 TAB.   225000,Sieving/milling,0.5
ANSELACOX 90 MG 10 TAB.   225000,Alexanderwerck,0.25
ANSELACOX 90 MG 10 TAB.   225000,Fette 3090,300
ANSELACOX 90 MG 10 TAB.   225000,Fette 3090 II,300
ANSELACOX 90 MG 10 TAB.   225000,GCS 500,0.2
ANSELACOX 90 MG 10 TAB.   225000,GCS 700,0.2
ANSELACOX 90 MG 10 TAB.   225000,Uhlmann,15
ANSELACOX 90 MG 10 TAB.   225000,BEC 500,15
ANSELACOX 90 MG 10 TAB.   225000,BEC 500 II,15
ANSELACOX 90 MG 10 TAB.   45000,Sieving/milling,1
ANSELACOX 90 MG 10 TAB.   45000,Alexanderwerck,0.5
ANSELACOX 90 MG 10 TAB.   45000,Fette 3090,300
ANSELACOX 90 MG 10 TAB.   45000,Fette 3090 II,300
ANSELACOX 90 MG 10 TAB.   45000,GCS 500,0.4
ANSELACOX 90 MG 10 TAB.   45000,GCS 700,0.4
ANSELACOX 90 MG 10 TAB.   45000,Uhlmann,15
ANSELACOX 90 MG 10 TAB.   45000,BEC 500,15
ANSELACOX 90 MG 10 TAB.   45000,BEC 500 II,15
CARNIVITA FORTE 10 TAB  21000,Sieving/milling,0.5
CARNIVITA FORTE 10 TAB  21000,VG1200/FBD,0.4
CARNIVITA FORTE 10 TAB  21000,Fette 3090,150
CARNIVITA FORTE 10 TAB  21000,Fette 3090 II,150
CARNIVITA FORTE 10 TAB  21000,GCS 500,0.4
CARNIVITA FORTE 10 TAB  21000,GCS 700,0.4
CARNIVITA FORTE 10 TAB  21000,Uhlmann,12
CARNIVITA FORTE 10 TAB  21000,BEC 500,12
CARNIVITA FORTE 10 TAB  21000,BEC 500 II,12
CARNIVITA FORTE 10 TAB  21000,VG 1500/WSG 500,0.5
CARNIVITA FORTE 10 TAB  46500,Sieving/milling,0.333333333
CARNIVITA FORTE 10 TAB  46500,VG1200/FBD,0.2
CARNIVITA FORTE 10 TAB  46500,Fette 3090,150
CARNIVITA FORTE 10 TAB  46500,Fette 3090 II,150
CARNIVITA FORTE 10 TAB  46500,GCS 500,0.2
CARNIVITA FORTE 10 TAB  46500,GCS 700,0.222222222
CARNIVITA FORTE 10 TAB  46500,Uhlmann,12
CARNIVITA FORTE 10 TAB  46500,BEC 500,12
CARNIVITA FORTE 10 TAB  46500,BEC 500 II,12
CARNIVITA FORTE 10 TAB  46500,VG 1500/WSG 500,0.2
CARNIVITA FORTE 10 TAB  51000,Sieving/milling,0.333333333
CARNIVITA FORTE 10 TAB  51000,VG1200/FBD,0.2
CARNIVITA FORTE 10 TAB  51000,Fette 3090,150
CARNIVITA FORTE 10 TAB  51000,Fette 3090 II,150
CARNIVITA FORTE 10 TAB  51000,GCS 500,0.2
CARNIVITA FORTE 10 TAB  51000,GCS 700,0.222222222
CARNIVITA FORTE 10 TAB  51000,Uhlmann,12
CARNIVITA FORTE 10 TAB  51000,BEC 500,12
CARNIVITA FORTE 10 TAB  51000,BEC 500 II,12
CARNIVITA FORTE 10 TAB  51000,VG 1500/WSG 500,0.2
CARNIVITA FORTE 10 TAB  55500,Sieving/milling,0.333333333
CARNIVITA FORTE 10 TAB  55500,VG1200/FBD,0.2
CARNIVITA FORTE 10 TAB  55500,Fette 3090,150
CARNIVITA FORTE 10 TAB  55500,Fette 3090 II,150
CARNIVITA FORTE 10 TAB  55500,GCS 500,0.2
CARNIVITA FORTE 10 TAB  55500,GCS 700,0.222222222
CARNIVITA FORTE 10 TAB  55500,Uhlmann,12
CARNIVITA FORTE 10 TAB  55500,BEC 500,12
CARNIVITA FORTE 10 TAB  55500,BEC 500 II,12
CARNIVITA FORTE 10 TAB  55500,VG 1500/WSG 500,0.2
CHICKETRA 5 KG POWDER,Sieving/milling,1
CHICKETRA 5 KG POWDER,Semiautomatic Powder Filling,0.16
CHROMAX 10 CAPS  112500,Sieving/milling,0.25
CHROMAX 10 CAPS  112500,Alexanderwerck,0.142857143
CHROMAX 10 CAPS  112500,Syntegon 2500,90
CHROMAX 10 CAPS  112500,Bosch 2500,90
CHROMAX 10 CAPS  112500,Uhlmann,18
CHROMAX 10 CAPS  112500,BEC 500,18
CHROMAX 10 CAPS  112500,BEC 500 II,18
CHROMAX 10 CAPS  135000,Sieving/milling,0.25
CHROMAX 10 CAPS  135000,Alexanderwerck,0.142857143
CHROMAX 10 CAPS  135000,Syntegon 2500,90
CHROMAX 10 CAPS  135000,Bosch 2500,90
CHROMAX 10 CAPS  135000,Uhlmann,18
CHROMAX 10 CAPS  135000,BEC 500,18
CHROMAX 10 CAPS  135000,BEC 500 II,18
CHROMAX 10 CAPS  148200,Sieving/milling,0.25
CHROMAX 10 CAPS  148200,Alexanderwerck,0.142857143
CHROMAX 10 CAPS  148200,Syntegon 2500,90
CHROMAX 10 CAPS  148200,Bosch 2500,90
CHROMAX 10 CAPS  148200,Uhlmann,18
CHROMAX 10 CAPS  148200,BEC 500,18
CHROMAX 10 CAPS  148200,BEC 500 II,18
CHROMAX 10 CAPS  22500,Sieving/milling,0.33
CHROMAX 10 CAPS  22500,Alexanderwerck,0.333333333
CHROMAX 10 CAPS  22500,Syntegon 2500,90
CHROMAX 10 CAPS  22500,Bosch 2500,90
CHROMAX 10 CAPS  22500,Uhlmann,18
CHROMAX 10 CAPS  22500,BEC 500,18
CHROMAX 10 CAPS  22500,BEC 500 II,18
CHROMAX 10 CAPS  45000,Sieving/milling,0.5
CHROMAX 10 CAPS  45000,Alexanderwerck,0.333333333
CHROMAX 10 CAPS  45000,Syntegon 2500,90
CHROMAX 10 CAPS  45000,Bosch 2500,90
CHROMAX 10 CAPS  45000,Uhlmann,18
CHROMAX 10 CAPS  45000,BEC 500,18
CHROMAX 10 CAPS  45000,BEC 500 II,18
CONVENTIN 100 MG 10 CAP  420000,Sieving/milling,0.3
CONVENTIN 100 MG 10 CAP  420000,Syntegon 2500,110
CONVENTIN 100 MG 10 CAP  420000,Bosch 2500,100
CONVENTIN 100 MG 10 CAP  420000,Uhlmann,18
CONVENTIN 100 MG 10 CAP  420000,BEC 500,18
CONVENTIN 100 MG 10 CAP  420000,BEC 500 II,18
CONVENTIN 100 MG 10 CAP  45000,Sieving/milling,0.3
CONVENTIN 100 MG 10 CAP  45000,Syntegon 2500,110
CONVENTIN 100 MG 10 CAP  45000,Bosch 2500,100
CONVENTIN 100 MG 10 CAP  45000,Uhlmann,18
CONVENTIN 100 MG 10 CAP  45000,BEC 500,18
CONVENTIN 100 MG 10 CAP  45000,BEC 500 II,18
CONVENTIN 300 MG 10 CAP  147000,Sieving/milling,0.3
CONVENTIN 300 MG 10 CAP  147000,Syntegon 2500,110
CONVENTIN 300 MG 10 CAP  147000,Bosch 2500,100
CONVENTIN 300 MG 10 CAP  147000,Uhlmann,18
CONVENTIN 300 MG 10 CAP  147000,BEC 500,18
CONVENTIN 300 MG 10 CAP  147000,BEC 500 II,18
CONVENTIN 300 MG 10 CAP  15000,Sieving/milling,0.3
CONVENTIN 300 MG 10 CAP  15000,Syntegon 2500,110
CONVENTIN 300 MG 10 CAP  15000,Bosch 2500,100
CONVENTIN 300 MG 10 CAP  15000,Uhlmann,18
CONVENTIN 300 MG 10 CAP  15000,BEC 500,18
CONVENTIN 300 MG 10 CAP  15000,BEC 500 II,18
CONVENTIN 400 MG 10 CAP  147000,Sieving/milling,0.3
CONVENTIN 400 MG 10 CAP  147000,Syntegon 2500,110
CONVENTIN 400 MG 10 CAP  147000,Bosch 2500,100
CONVENTIN 400 MG 10 CAP  147000,Uhlmann,18
CONVENTIN 400 MG 10 CAP  147000,BEC 500,18
CONVENTIN 400 MG 10 CAP  147000,BEC 500 II,18
CONVENTIN 400 MG 10 CAP  15000,Sieving/milling,0.3
CONVENTIN 400 MG 10 CAP  15000,Syntegon 2500,110
CONVENTIN 400 MG 10 CAP  15000,Bosch 2500,100
CONVENTIN 400 MG 10 CAP  15000,Uhlmann,18
CONVENTIN 400 MG 10 CAP  15000,BEC 500,18
CONVENTIN 400 MG 10 CAP  15000,BEC 500 II,18
CO-Q-10,Sieving/milling,0.5
CO-Q-10,VG600/Tray Oven,0.1
CO-Q-10,Fette 3090,150
CO-Q-10,Fette 3090 II,150
CO-Q-10,GCS 500,0.095238095
CO-Q-10,GCS 700,0.1
CO-Q-10,Uhlmann,10
CO-Q-10,BEC 500,10
CO-Q-10,BEC 500 II,10
CO-Q-10,Countec,0.5
Coxicarbin,Sieving/milling,1
CYPROHEPTADINE 4 MG 100 TAB  27900,Sieving/milling,0.3
CYPROHEPTADINE 4 MG 100 TAB  27900,Fette 3090,200
CYPROHEPTADINE 4 MG 100 TAB  27900,Countec,0.5
Dapagliflozin-EVA Pharma 10 MG 10 TAB  57000,VG1200/FBD,0.25
Dapagliflozin-EVA Pharma 10 MG 10 TAB  57000,Fette 3090,200
Dapagliflozin-EVA Pharma 10 MG 10 TAB  57000,GCS 500,0.4
Dapagliflozin-EVA Pharma 10 MG 10 TAB  57000,GCS 700,0.4
Dapagliflozin-EVA Pharma 10 MG 10 TAB  57000,Uhlmann,12
Dapagliflozin-EVA Pharma 10 MG 10 TAB  57000,BEC 500,12
Dapagliflozin-EVA Pharma 10 MG 10 TAB  57000,BEC 500 II,12
Dapagliflozin-EVA Pharma 10 MG 10 TAB  57000,VG 1500/WSG 500,0
Dapagliflozin-EVA Pharma 5 MG 10 TAB  63000,VG1200/FBD,0.25
Dapagliflozin-EVA Pharma 5 MG 10 TAB  63000,Fette 2100,80
Dapagliflozin-EVA Pharma 5 MG 10 TAB  63000,GCS 500,0.4
Dapagliflozin-EVA Pharma 5 MG 10 TAB  63000,GCS 700,0.4
Dapagliflozin-EVA Pharma 5 MG 10 TAB  63000,Uhlmann,12
Dapagliflozin-EVA Pharma 5 MG 10 TAB  63000,BEC 500,12
Dapagliflozin-EVA Pharma 5 MG 10 TAB  63000,BEC 500 II,12
Dapagliflozin-EVA Pharma 5 MG 10 TAB  63000,VG 1500/WSG 500,0.33
DIACEREIN 50 MG 10 CAPS  270000,Sieving/milling,0.333333333
DIACEREIN 50 MG 10 CAPS  270000,Syntegon 2500,100
DIACEREIN 50 MG 10 CAPS  270000,Bosch 2500,100
DIACEREIN 50 MG 10 CAPS  270000,Uhlmann,20
DIACEREIN 50 MG 10 CAPS  270000,BEC 500,20
DIACEREIN 50 MG 10 CAPS  270000,BEC 500 II,20
DIACEREIN 50 MG 10 CAPS  30000,Sieving/milling,1
DIACEREIN 50 MG 10 CAPS  30000,Syntegon 2500,100
DIACEREIN 50 MG 10 CAPS  30000,Bosch 2500,100
DIACEREIN 50 MG 10 CAPS  30000,Uhlmann,20
DIACEREIN 50 MG 10 CAPS  30000,BEC 500,20
DIACEREIN 50 MG 10 CAPS  30000,BEC 500 II,20
DIACEREIN 50 MG 10 CAPS  300000,Sieving/milling,0.333333333
DIACEREIN 50 MG 10 CAPS  300000,Syntegon 2500,100
DIACEREIN 50 MG 10 CAPS  300000,Bosch 2500,100
DIACEREIN 50 MG 10 CAPS  300000,Uhlmann,20
DIACEREIN 50 MG 10 CAPS  300000,BEC 500,20
DIACEREIN 50 MG 10 CAPS  300000,BEC 500 II,20
DIACEREIN 50 MG 10 CAPS  90000,Sieving/milling,0.7
DIACEREIN 50 MG 10 CAPS  90000,Syntegon 2500,100
DIACEREIN 50 MG 10 CAPS  90000,Bosch 2500,100
DIACEREIN 50 MG 10 CAPS  90000,Uhlmann,20
DIACEREIN 50 MG 10 CAPS  90000,BEC 500,20
DIACEREIN 50 MG 10 CAPS  90000,BEC 500 II,20
DIAFLOZIMET 10/1000 MG 10 TAB.   30000,Sieving/milling,1
DIAFLOZIMET 10/1000 MG 10 TAB.   30000,VG1200/FBD,0.16
DIAFLOZIMET 10/1000 MG 10 TAB.   30000,Korsch XL400,40
DIAFLOZIMET 10/1000 MG 10 TAB.   30000,GCS 500,0.2
DIAFLOZIMET 10/1000 MG 10 TAB.   30000,GCS 700,0.2
DIAFLOZIMET 10/1000 MG 10 TAB.   30000,Uhlmann,3
DIAFLOZIMET 10/1000 MG 10 TAB.   30000,BEC 500,3
DIAFLOZIMET 10/1000 MG 10 TAB.   30000,BEC 500 II,3
DIAFLOZIMET 10/1000 MG 10 TAB.   30000,VG 1500/WSG 500,0.16
DIAFLOZIMET 5/1000 MG 10 TAB.   30000,Sieving/milling,1
DIAFLOZIMET 5/1000 MG 10 TAB.   30000,VG1200/FBD,0.16
DIAFLOZIMET 5/1000 MG 10 TAB.   30000,Korsch XL400,40
DIAFLOZIMET 5/1000 MG 10 TAB.   30000,GCS 500,0.2
DIAFLOZIMET 5/1000 MG 10 TAB.   30000,GCS 700,0.2
DIAFLOZIMET 5/1000 MG 10 TAB.   30000,Uhlmann,3
DIAFLOZIMET 5/1000 MG 10 TAB.   30000,BEC 500,3
DIAFLOZIMET 5/1000 MG 10 TAB.   30000,BEC 500 II,3
DIAFLOZIMET 5/1000 MG 10 TAB.   30000,VG 1500/WSG 500,0.16
DIAMONRECTA 5 MG 10 TAB   120000,Sieving/milling,0.333333333
DIAMONRECTA 5 MG 10 TAB   120000,Alexanderwerck,0.25
DIAMONRECTA 5 MG 10 TAB   120000,Fette 2100,70
DIAMONRECTA 5 MG 10 TAB   120000,Uhlmann,20
DIAMONRECTA 5 MG 10 TAB   120000,BEC 500,20
DIAMONRECTA 5 MG 10 TAB   120000,BEC 500 II,20
diclacox,Sieving/milling,0.5
diclacox,Alexanderwerck,0.5
diclacox,High-Tech ,13
DONIFOXATE 40 MG 10 TAB  135000,VG600/Tray Oven,0.1
DONIFOXATE 40 MG 10 TAB  135000,VG1200/FBD,0.2
DONIFOXATE 40 MG 10 TAB  135000,Fette 2100,70
DONIFOXATE 40 MG 10 TAB  135000,Fette 3090,300
DONIFOXATE 40 MG 10 TAB  135000,Fette 3090 II,300
DONIFOXATE 40 MG 10 TAB  135000,GCS 500,0.142857143
DONIFOXATE 40 MG 10 TAB  135000,Uhlmann,27
DONIFOXATE 40 MG 10 TAB  135000,BEC 500,27
DONIFOXATE 40 MG 10 TAB  135000,BEC 500 II,27
DONIFOXATE 40 MG 10 TAB  135000,VG 1500/WSG 500,0.2
DONIFOXATE 40 MG 10 TAB  45000,VG1200/FBD,0.5
DONIFOXATE 40 MG 10 TAB  45000,Fette 2100,70
DONIFOXATE 40 MG 10 TAB  45000,Fette 3090,300
DONIFOXATE 40 MG 10 TAB  45000,Fette 3090 II,300
DONIFOXATE 40 MG 10 TAB  45000,GCS 500,0.142857143
DONIFOXATE 40 MG 10 TAB  45000,Uhlmann,27
DONIFOXATE 40 MG 10 TAB  45000,BEC 500,27
DONIFOXATE 40 MG 10 TAB  45000,BEC 500 II,27
DONIFOXATE 40 MG 10 TAB  45000,VG 1500/WSG 500,0.5
DONIFOXATE 40 MG 10 TAB  72000,VG1200/FBD,0.4
DONIFOXATE 40 MG 10 TAB  72000,Fette 2100,70
DONIFOXATE 40 MG 10 TAB  72000,Fette 3090,300
DONIFOXATE 40 MG 10 TAB  72000,Fette 3090 II,300
DONIFOXATE 40 MG 10 TAB  72000,GCS 500,0.142857143
DONIFOXATE 40 MG 10 TAB  72000,Uhlmann,27
DONIFOXATE 40 MG 10 TAB  72000,BEC 500,27
DONIFOXATE 40 MG 10 TAB  72000,BEC 500 II,27
DONIFOXATE 40 MG 10 TAB  72000,VG 1500/WSG 500,0.4
DONIFOXATE 80 MG 10 TAB  135000,VG600/Tray Oven,0.0625
DONIFOXATE 80 MG 10 TAB  135000,VG1200/FBD,0.2
DONIFOXATE 80 MG 10 TAB  135000,Fette 3090,300
DONIFOXATE 80 MG 10 TAB  135000,Fette 3090 II,300
DONIFOXATE 80 MG 10 TAB  135000,GCS 500,0.142857143
DONIFOXATE 80 MG 10 TAB  135000,Uhlmann,23.4
DONIFOXATE 80 MG 10 TAB  135000,BEC 500,23.4
DONIFOXATE 80 MG 10 TAB  135000,BEC 500 II,23.4
DONIFOXATE 80 MG 10 TAB  135000,VG 1500/WSG 500,0.2
DONIFOXATE 80 MG 10 TAB  60000,VG1200/FBD,0.4
DONIFOXATE 80 MG 10 TAB  60000,Fette 3090,300
DONIFOXATE 80 MG 10 TAB  60000,Fette 3090 II,300
DONIFOXATE 80 MG 10 TAB  60000,GCS 500,0.142857141
DONIFOXATE 80 MG 10 TAB  60000,Uhlmann,23.4
DONIFOXATE 80 MG 10 TAB  60000,BEC 500,23.4
DONIFOXATE 80 MG 10 TAB  60000,BEC 500 II,23.4
DONIFOXATE 80 MG 10 TAB  60000,VG 1500/WSG 500,0.4
EAA Lemon,Semiautomatic Powder Filling,0.06
EAA Mixed Berries,Sieving/milling,0.5
EAA Mixed Berries,Semiautomatic Powder Filling,0.06
EAA WatermEAAs Limitless Alpha Watermelon 30 Scoops Jar (309 gm),Sieving/milling,0.5
EAA WatermEAAs Limitless Alpha Watermelon 30 Scoops Jar (309 gm),Semiautomatic Powder Filling,0.06
EMRIGUT POWDER 1 KG   7650,Sieving/milling,0.5
EMRIGUT POWDER 1 KG   7650,High-Tech ,13
EVABACT GRANULES 5 KG   300,Sieving/milling,1
EVABACT GRANULES 5 KG   300,Alexanderwerck,0.45
EVABACT GRANULES 5 KG   300,Semiautomatic Powder Filling,0.16
EVABACT GRANULES 5 KG   640,Sieving/milling,0.125
EVABACT GRANULES 5 KG   640,Alexanderwerck,0.055555556
EVABACT GRANULES 5 KG   640,High-Tech ,32
EVABACT GRANULES 5 KG   640,Semiautomatic Powder Filling,32
EVANEOTRIM 8/90 MG EXTENDED RELEASE 1 TAB   360000,Sieving/milling,0.2
EVANEOTRIM 8/90 MG EXTENDED RELEASE 1 TAB   360000,Alexanderwerck,0.222222222
EVANEOTRIM 8/90 MG EXTENDED RELEASE 1 TAB   360000,Korsch XL400,30
EVANEOTRIM 8/90 MG EXTENDED RELEASE 1 TAB   360000,GCS 500,0.5
EVANEOTRIM 8/90 MG EXTENDED RELEASE 1 TAB   360000,GCS 700,0.5
EVANEOTRIM 8/90 MG EXTENDED RELEASE 1 TAB   360000,Countec,1
FLOPADEX 4 MG 10 CAPS  20000,VG600/Tray Oven,0.25
FLOPADEX 4 MG 10 CAPS  20000,Syntegon 2500,95
FLOPADEX 4 MG 10 CAPS  20000,Bosch 2500,95
FLOPADEX 4 MG 10 CAPS  20000,Uhlmann,21
FLOPADEX 4 MG 10 CAPS  20000,BEC 500,21
FLOPADEX 4 MG 10 CAPS  20000,BEC 500 II,21
FLOPADEX 4 MG 10 CAPS  40000,VG600/Tray Oven,0.125
FLOPADEX 4 MG 10 CAPS  40000,Syntegon 2500,95
FLOPADEX 4 MG 10 CAPS  40000,Bosch 2500,95
FLOPADEX 4 MG 10 CAPS  40000,Uhlmann,21
FLOPADEX 4 MG 10 CAPS  40000,BEC 500,21
FLOPADEX 4 MG 10 CAPS  40000,BEC 500 II,21
FLOPADEX 8 MG 10 CAPS  180000,VG600/Tray Oven,0.047619048
FLOPADEX 8 MG 10 CAPS  180000,Syntegon 2500,95
FLOPADEX 8 MG 10 CAPS  180000,Bosch 2500,95
FLOPADEX 8 MG 10 CAPS  180000,Uhlmann,21
FLOPADEX 8 MG 10 CAPS  180000,BEC 500,21
FLOPADEX 8 MG 10 CAPS  180000,BEC 500 II,21
FLOPADEX 8 MG 10 CAPS  24000,VG600/Tray Oven,0.2
FLOPADEX 8 MG 10 CAPS  24000,Syntegon 2500,95
FLOPADEX 8 MG 10 CAPS  24000,Bosch 2500,95
FLOPADEX 8 MG 10 CAPS  24000,Uhlmann,21
FLOPADEX 8 MG 10 CAPS  24000,BEC 500,21
FLOPADEX 8 MG 10 CAPS  24000,BEC 500 II,21
FLOPADEX 8 MG 10 CAPS  36000,VG600/Tray Oven,0.15
FLOPADEX 8 MG 10 CAPS  36000,Syntegon 2500,95
FLOPADEX 8 MG 10 CAPS  36000,Bosch 2500,95
FLOPADEX 8 MG 10 CAPS  36000,Uhlmann,21
FLOPADEX 8 MG 10 CAPS  36000,BEC 500,21
FLOPADEX 8 MG 10 CAPS  36000,BEC 500 II,21
Gabapentin 100 mg 100 Cap ,Sieving/milling,0.5
Gabapentin 100 mg 100 Cap ,Syntegon 2500,110
Gabapentin 100 mg 100 Cap ,Countec,1
Gabapentin 300 mg 100 Cap ,Sieving/milling,0.5
Gabapentin 300 mg 100 Cap ,Syntegon 2500,100
Gabapentin 300 mg 100 Cap ,Countec,1.2
Gabapentin 400 mg 100 Cap ,Sieving/milling,0.5
Gabapentin 400 mg 100 Cap ,Syntegon 2500,100
Gabapentin 400 mg 100 Cap ,Countec,1.2
GAROPRIDE 10 TAB  120000,VG600/Tray Oven,0.15
GAROPRIDE 10 TAB  120000,Fette 2100,80
GAROPRIDE 10 TAB  120000,GCS 500,0.333333333
GAROPRIDE 10 TAB  120000,GCS 700,0.333333333
GAROPRIDE 10 TAB  120000,Uhlmann,20
GAROPRIDE 10 TAB  120000,BEC 500,20
GAROPRIDE 10 TAB  120000,BEC 500 II,20
GAROPRIDE 10 TAB  135000,VG600/Tray Oven,0.12
GAROPRIDE 10 TAB  135000,Fette 2100,80
GAROPRIDE 10 TAB  135000,GCS 500,0.333333333
GAROPRIDE 10 TAB  135000,GCS 700,0.333333333
GAROPRIDE 10 TAB  135000,Uhlmann,20
GAROPRIDE 10 TAB  135000,BEC 500,20
GAROPRIDE 10 TAB  135000,BEC 500 II,20
GAROPRIDE 10 TAB  270000,VG600/Tray Oven,0.0625
GAROPRIDE 10 TAB  270000,Fette 2100,80
GAROPRIDE 10 TAB  270000,GCS 500,0.333333333
GAROPRIDE 10 TAB  270000,GCS 700,0.333333333
GAROPRIDE 10 TAB  270000,Uhlmann,20
GAROPRIDE 10 TAB  270000,BEC 500,20
GAROPRIDE 10 TAB  270000,BEC 500 II,20
GENUPHIL ADVANCE 1 SACHET  120000,Sieving/milling,0.333333333
GENUPHIL ADVANCE 1 SACHET  120000,VG1200/FBD,0.083333333
GENUPHIL ADVANCE 1 SACHET  120000,Sachet Filling,7.5
GENUPHIL ADVANCE 1 SACHET  120000,VG 1500/WSG 500,0.166666667
GENUPHIL ADVANCE 1 SACHET  22000,Sieving/milling,1
GENUPHIL ADVANCE 1 SACHET  22000,VG1200/FBD,1
GENUPHIL ADVANCE 1 SACHET  22000,Sachet Filling,7.5
GENUPHIL ADVANCE 1 SACHET  22000,VG 1500/WSG 500,1
GENUPHIL ADVANCE 1 SACHET  44000,Sieving/milling,1
GENUPHIL ADVANCE 1 SACHET  44000,VG1200/FBD,0.5
GENUPHIL ADVANCE 1 SACHET  44000,Sachet Filling,7.5
GENUPHIL ADVANCE 1 SACHET  44000,VG 1500/WSG 500,0.5
GENUPHIL ORIGINAL 10 TAB  24000,Sieving/milling,1
GENUPHIL ORIGINAL 10 TAB  24000,Alexanderwerck,1
GENUPHIL ORIGINAL 10 TAB  24000,Fette 3090,150
GENUPHIL ORIGINAL 10 TAB  24000,Fette 3090 II,150
GENUPHIL ORIGINAL 10 TAB  24000,GCS 500,0.5
GENUPHIL ORIGINAL 10 TAB  24000,GCS 700,0.5
GENUPHIL ORIGINAL 10 TAB  24000,Uhlmann,21
GENUPHIL ORIGINAL 10 TAB  24000,BEC 500,21
GENUPHIL ORIGINAL 10 TAB  24000,BEC 500 II,21
GENUPHIL ORIGINAL 10 TAB  60000,Sieving/milling,0.5
GENUPHIL ORIGINAL 10 TAB  60000,Alexanderwerck,0.333333333
GENUPHIL ORIGINAL 10 TAB  60000,Fette 3090,150
GENUPHIL ORIGINAL 10 TAB  60000,Fette 3090 II,150
GENUPHIL ORIGINAL 10 TAB  60000,GCS 500,0.235294118
GENUPHIL ORIGINAL 10 TAB  60000,GCS 700,0.285714286
GENUPHIL ORIGINAL 10 TAB  60000,Uhlmann,21
GENUPHIL ORIGINAL 10 TAB  60000,BEC 500,21
GENUPHIL ORIGINAL 10 TAB  60000,BEC 500 II,18
GENUPHIL WOMAN 1 SACHET  115000,VG1200/FBD,0.111111111
GENUPHIL WOMAN 1 SACHET  115000,Sachet Filling,7.5
GENUPHIL WOMAN 1 SACHET  115000,VG 1500/WSG 500,0.142857143
GLIPTUS 50 MG 10 TAB  120000,Sieving/milling,1
GLIPTUS 50 MG 10 TAB  120000,Fette 2100,80
GLIPTUS 50 MG 10 TAB  120000,Fette 3090,200
GLIPTUS 50 MG 10 TAB  120000,Fette 3090 II,200
GLIPTUS 50 MG 10 TAB  120000,CAM,3.5
GLIPTUS 50 MG 10 TAB  120000,Uhlmann,21
GLIPTUS 50 MG 10 TAB  120000,BEC 500,21
GLIPTUS 50 MG 10 TAB  120000,BEC 500 II,21
GLIPTUS 50 MG 10 TAB  240000,Sieving/milling,0.5
GLIPTUS 50 MG 10 TAB  240000,Fette 2100,80
GLIPTUS 50 MG 10 TAB  240000,Fette 3090,200
GLIPTUS 50 MG 10 TAB  240000,Fette 3090 II,200
GLIPTUS 50 MG 10 TAB  240000,CAM,3.5
GLIPTUS 50 MG 10 TAB  240000,Uhlmann,21
GLIPTUS 50 MG 10 TAB  240000,BEC 500,21
GLIPTUS 50 MG 10 TAB  240000,BEC 500 II,21
GLIPTUS 50 MG 10 TAB  30000,Sieving/milling,2
GLIPTUS 50 MG 10 TAB  30000,Fette 2100,80
GLIPTUS 50 MG 10 TAB  30000,Fette 3090,200
GLIPTUS 50 MG 10 TAB  30000,Fette 3090 II,200
GLIPTUS 50 MG 10 TAB  30000,CAM,3.5
GLIPTUS 50 MG 10 TAB  30000,Uhlmann,21
GLIPTUS 50 MG 10 TAB  30000,BEC 500,21
GLIPTUS 50 MG 10 TAB  30000,BEC 500 II,21
GLIPTUS 50/1000 MG 10 TAB  25500,Sieving/milling,0.5
GLIPTUS 50/1000 MG 10 TAB  25500,VG1200/FBD,0.4
GLIPTUS 50/1000 MG 10 TAB  25500,Fette 3090,130
GLIPTUS 50/1000 MG 10 TAB  25500,Fette 3090 II,130
GLIPTUS 50/1000 MG 10 TAB  25500,GCS 500,0.4
GLIPTUS 50/1000 MG 10 TAB  25500,GCS 700,0.5
GLIPTUS 50/1000 MG 10 TAB  25500,Uhlmann,14.4
GLIPTUS 50/1000 MG 10 TAB  25500,BEC 500,14.4
GLIPTUS 50/1000 MG 10 TAB  25500,BEC 500 II,14.4
GLIPTUS 50/1000 MG 10 TAB  25500,VG 1500/WSG 500,0.4
GLIPTUS 50/1000 MG 10 TAB  51000,Sieving/milling,0.25
GLIPTUS 50/1000 MG 10 TAB  51000,VG1200/FBD,0.2
GLIPTUS 50/1000 MG 10 TAB  51000,Fette 3090,130
GLIPTUS 50/1000 MG 10 TAB  51000,Fette 3090 II,130
GLIPTUS 50/1000 MG 10 TAB  51000,GCS 500,0.2
GLIPTUS 50/1000 MG 10 TAB  51000,GCS 700,0.285714286
GLIPTUS 50/1000 MG 10 TAB  51000,Uhlmann,14.4
GLIPTUS 50/1000 MG 10 TAB  51000,BEC 500,14.4
GLIPTUS 50/1000 MG 10 TAB  51000,BEC 500 II,14.4
GLIPTUS 50/1000 MG 10 TAB  51000,VG 1500/WSG 500,0.2
GLIPTUS 50/1000 MG 10 TAB  69000,Sieving/milling,0.25
GLIPTUS 50/1000 MG 10 TAB  69000,VG1200/FBD,0.2
GLIPTUS 50/1000 MG 10 TAB  69000,Fette 3090,130
GLIPTUS 50/1000 MG 10 TAB  69000,Fette 3090 II,130
GLIPTUS 50/1000 MG 10 TAB  69000,GCS 500,0.2
GLIPTUS 50/1000 MG 10 TAB  69000,GCS 700,0.285714286
GLIPTUS 50/1000 MG 10 TAB  69000,Uhlmann,14.4
GLIPTUS 50/1000 MG 10 TAB  69000,BEC 500,14.4
GLIPTUS 50/1000 MG 10 TAB  69000,BEC 500 II,14.4
GLIPTUS 50/1000 MG 10 TAB  69000,VG 1500/WSG 500,0.2
GLIPTUS 50/850 MG 10 TAB  18000,Sieving/milling,0.5
GLIPTUS 50/850 MG 10 TAB  18000,VG1200/FBD,0.4
GLIPTUS 50/850 MG 10 TAB  18000,Fette 3090,150
GLIPTUS 50/850 MG 10 TAB  18000,Fette 3090 II,150
GLIPTUS 50/850 MG 10 TAB  18000,GCS 500,0.32
GLIPTUS 50/850 MG 10 TAB  18000,GCS 700,0.32
GLIPTUS 50/850 MG 10 TAB  18000,Uhlmann,14.4
GLIPTUS 50/850 MG 10 TAB  18000,BEC 500,14.4
GLIPTUS 50/850 MG 10 TAB  18000,BEC 500 II,14.4
GLIPTUS 50/850 MG 10 TAB  18000,VG 1500/WSG 500,0.4
GLIPTUS 50/850 MG 10 TAB  21000,Sieving/milling,0.5
GLIPTUS 50/850 MG 10 TAB  21000,VG1200/FBD,0.4
GLIPTUS 50/850 MG 10 TAB  21000,Fette 3090,150
GLIPTUS 50/850 MG 10 TAB  21000,Fette 3090 II,150
GLIPTUS 50/850 MG 10 TAB  21000,GCS 500,0.32
GLIPTUS 50/850 MG 10 TAB  21000,GCS 700,0.32
GLIPTUS 50/850 MG 10 TAB  21000,Uhlmann,14.4
GLIPTUS 50/850 MG 10 TAB  21000,BEC 500,14.4
GLIPTUS 50/850 MG 10 TAB  21000,BEC 500 II,14.4
GLIPTUS 50/850 MG 10 TAB  21000,VG 1500/WSG 500,0.4
GLIPTUS 50/850 MG 10 TAB  54000,Sieving/milling,0.25
GLIPTUS 50/850 MG 10 TAB  54000,VG1200/FBD,0.3
GLIPTUS 50/850 MG 10 TAB  54000,Fette 3090,150
GLIPTUS 50/850 MG 10 TAB  54000,Fette 3090 II,150
GLIPTUS 50/850 MG 10 TAB  54000,GCS 500,0.166666667
GLIPTUS 50/850 MG 10 TAB  54000,GCS 700,0.166666667
GLIPTUS 50/850 MG 10 TAB  54000,Uhlmann,14.4
GLIPTUS 50/850 MG 10 TAB  54000,BEC 500,14.4
GLIPTUS 50/850 MG 10 TAB  54000,BEC 500 II,14.4
GLIPTUS 50/850 MG 10 TAB  54000,VG 1500/WSG 500,0.3
GLIPTUS 50/850 MG 10 TAB  81000,Sieving/milling,0.25
GLIPTUS 50/850 MG 10 TAB  81000,VG1200/FBD,0.2
GLIPTUS 50/850 MG 10 TAB  81000,Fette 3090,150
GLIPTUS 50/850 MG 10 TAB  81000,Fette 3090 II,150
GLIPTUS 50/850 MG 10 TAB  81000,GCS 500,0.166666667
GLIPTUS 50/850 MG 10 TAB  81000,GCS 700,0.166666667
GLIPTUS 50/850 MG 10 TAB  81000,Uhlmann,14.4
GLIPTUS 50/850 MG 10 TAB  81000,BEC 500,14.4
GLIPTUS 50/850 MG 10 TAB  81000,BEC 500 II,14.4
GLIPTUS 50/850 MG 10 TAB  81000,VG 1500/WSG 500,0.2
Glow Hair,Sieving/milling,2
Glow Hair,Fette 3090,100
Glow Hair,Fette 3090 II,100
Glow Hair,GCS 500,0.4
Glow Hair,GCS 700,0.4
Glow Hair,Uhlmann,10
Glow Hair,BEC 500,10
Glow Hair,BEC 500 II,10
HAIRTONIC 10 CAP   140400,Sieving/milling,0.285714286
HAIRTONIC 10 CAP   140400,Syntegon 2500,100
HAIRTONIC 10 CAP   140400,Bosch 2500,100
HAIRTONIC 10 CAP   140400,Uhlmann,21
HAIRTONIC 10 CAP   140400,BEC 500,21
HAIRTONIC 10 CAP   140400,BEC 500 II,21
HAIRTONIC 10 CAP   30000,Sieving/milling,1
HAIRTONIC 10 CAP   30000,Syntegon 2500,100
HAIRTONIC 10 CAP   30000,Bosch 2500,100
HAIRTONIC 10 CAP   30000,Uhlmann,21
HAIRTONIC 10 CAP   30000,BEC 500,21
HAIRTONIC 10 CAP   30000,BEC 500 II,21
LAXEOL PI 10 TAB.   200000,VG600/Tray Oven,0.1
LAXEOL PI 10 TAB.   200000,Fette 2100,80
LAXEOL PI 10 TAB.   200000,Fette 3090,80
LAXEOL PI 10 TAB.   200000,Fette 3090 II,80
LAXEOL PI 10 TAB.   200000,Uhlmann,22.5
LAXEOL PI 10 TAB.   200000,BEC 500,22.5
LAXEOL PI 10 TAB.   200000,BEC 500 II,22.5
LAXEOL PI 10 TAB.   240000,VG600/Tray Oven,0.090909091
LAXEOL PI 10 TAB.   240000,Fette 2100,80
LAXEOL PI 10 TAB.   240000,Fette 3090,80
LAXEOL PI 10 TAB.   240000,Fette 3090 II,80
LAXEOL PI 10 TAB.   240000,Uhlmann,22.5
LAXEOL PI 10 TAB.   240000,BEC 500,22.5
LAXEOL PI 10 TAB.   240000,BEC 500 II,22.5
LEVOFLOXACIN -EVA PHARMA 500 MG 5 TABLET   120000,Sieving/milling,0.5
LEVOFLOXACIN -EVA PHARMA 500 MG 5 TABLET   120000,VG600/Tray Oven,0.5
LEVOFLOXACIN -EVA PHARMA 500 MG 5 TABLET   120000,VG1200/FBD,0
LEVOFLOXACIN -EVA PHARMA 500 MG 5 TABLET   120000,Alexanderwerck,0.285714286
LEVOFLOXACIN -EVA PHARMA 500 MG 5 TABLET   120000,Fette 2100,80
LEVOFLOXACIN -EVA PHARMA 500 MG 5 TABLET   120000,GCS 500,0.2
LEVOFLOXACIN -EVA PHARMA 500 MG 5 TABLET   120000,Uhlmann,12
LEVOFLOXACIN -EVA PHARMA 500 MG 5 TABLET   120000,BEC 500,12
LEVOFLOXACIN -EVA PHARMA 500 MG 5 TABLET   120000,BEC 500 II,12
LEVOFLOXACIN -EVA PHARMA 500 MG 5 TABLET   40000,Sieving/milling,0.5
LEVOFLOXACIN -EVA PHARMA 500 MG 5 TABLET   40000,VG600/Tray Oven,0.5
LEVOFLOXACIN -EVA PHARMA 500 MG 5 TABLET   40000,VG1200/FBD,0
LEVOFLOXACIN -EVA PHARMA 500 MG 5 TABLET   40000,Alexanderwerck,0.285714286
LEVOFLOXACIN -EVA PHARMA 500 MG 5 TABLET   40000,Fette 2100,80
LEVOFLOXACIN -EVA PHARMA 500 MG 5 TABLET   40000,GCS 500,0.2
LEVOFLOXACIN -EVA PHARMA 500 MG 5 TABLET   40000,Uhlmann,12
LEVOFLOXACIN -EVA PHARMA 500 MG 5 TABLET   40000,BEC 500,12
LEVOFLOXACIN -EVA PHARMA 500 MG 5 TABLET   40000,BEC 500 II,12
LIMITLESS ALLZYME MAX 10 ENTERIC COATED TABLETS  ( LG )   180000,Fette 2100,50
LIMITLESS ALLZYME MAX 10 ENTERIC COATED TABLETS  ( LG )   180000,Fette 3090,150
LIMITLESS ALLZYME MAX 10 ENTERIC COATED TABLETS  ( LG )   180000,GCS 500,0.1
LIMITLESS ALPHA  WHEY PROTEIN CONCENTRATE 30 SCOOPS STRAWBERRY (1 KG)   423.41,Sieving/milling,0.5
LIMITLESS ALPHA  WHEY PROTEIN CONCENTRATE 30 SCOOPS STRAWBERRY (1 KG)   423.41,Semiautomatic Powder Filling,0.06
LIMITLESS ALPHA CREATINE MONOHYDRATE JAR  (300 gm)  30000,Sieving/milling,0.5
LIMITLESS ALPHA CREATINE MONOHYDRATE JAR  (300 gm)  30000,Semiautomatic Powder Filling,0.1
LIMITLESS ALPHA WHEY PROTEIN CONCENTRATE 30 SCOOPS BANANA (1 KG)    401.93,Sieving/milling,0.5
LIMITLESS ALPHA WHEY PROTEIN CONCENTRATE 30 SCOOPS BANANA (1 KG)    401.93,Semiautomatic Powder Filling,4
LIMITLESS ALPHA WHEY PROTEIN CONCENTRATE 30 SCOOPS CARAMEL (1KG)   402.41,Sieving/milling,0.5
LIMITLESS ALPHA WHEY PROTEIN CONCENTRATE 30 SCOOPS CARAMEL (1KG)   402.41,High-Tech ,65
LIMITLESS ALPHA WHEY PROTEIN CONCENTRATE 30 SCOOPS CARAMEL (1KG)   402.41,Semiautomatic Powder Filling,0.06
LIMITLESS ALPHA WHEY PROTEIN CONCENTRATE 30 SCOOPS CREAMY CHOCOLATE (1KG)  (OCOTBER) 408.41,Sieving/milling,0.5
LIMITLESS ALPHA WHEY PROTEIN CONCENTRATE 30 SCOOPS CREAMY CHOCOLATE (1KG)  (OCOTBER) 408.41,High-Tech ,65
LIMITLESS ALPHA WHEY PROTEIN CONCENTRATE 30 SCOOPS CREAMY CHOCOLATE (1KG)  (OCOTBER) 408.41,Semiautomatic Powder Filling,0.06
LIMITLESS ALPHA WHEY PROTEIN CONCENTRATE 30 SCOOPS MOCCA HAZELNUTS (1KG)   411.41,Sieving/milling,0.5
LIMITLESS ALPHA WHEY PROTEIN CONCENTRATE 30 SCOOPS MOCCA HAZELNUTS (1KG)   411.41,High-Tech ,65
LIMITLESS ALPHA WHEY PROTEIN CONCENTRATE 30 SCOOPS MOCCA HAZELNUTS (1KG)   411.41,Semiautomatic Powder Filling,0.06
LIMITLESS ALPHA WHEY PROTEIN CONCENTRATE 30 SCOOPS VANILLA (1KG)   402.35,Sieving/milling,0.5
LIMITLESS ALPHA WHEY PROTEIN CONCENTRATE 30 SCOOPS VANILLA (1KG)   402.35,High-Tech ,65
LIMITLESS ALPHA WHEY PROTEIN CONCENTRATE 30 SCOOPS VANILLA (1KG)   402.35,Semiautomatic Powder Filling,0.06
LIMITLESS ALPHA WHEY PROTEIN ISOLATE 30 SCOOPS BANANA (1KG)   250.263,Sieving/milling,0.5
LIMITLESS ALPHA WHEY PROTEIN ISOLATE 30 SCOOPS BANANA (1KG)   250.263,High-Tech ,65
LIMITLESS ALPHA WHEY PROTEIN ISOLATE 30 SCOOPS BANANA (1KG)   250.263,Semiautomatic Powder Filling,0.06
LIMITLESS ALPHA WHEY PROTEIN ISOLATE 30 SCOOPS CARAMEL (1KG)   262.614,Sieving/milling,0.5
LIMITLESS ALPHA WHEY PROTEIN ISOLATE 30 SCOOPS CARAMEL (1KG)   262.614,High-Tech ,65
LIMITLESS ALPHA WHEY PROTEIN ISOLATE 30 SCOOPS CARAMEL (1KG)   262.614,Semiautomatic Powder Filling,0.06
LIMITLESS ALPHA WHEY PROTEIN ISOLATE 30 SCOOPS CREAMY CHOCOLATE (1KG)   253.989,Sieving/milling,0.5
LIMITLESS ALPHA WHEY PROTEIN ISOLATE 30 SCOOPS CREAMY CHOCOLATE (1KG)   253.989,High-Tech ,65
LIMITLESS ALPHA WHEY PROTEIN ISOLATE 30 SCOOPS CREAMY CHOCOLATE (1KG)   253.989,Semiautomatic Powder Filling,0.06
LIMITLESS ALPHA WHEY PROTEIN ISOLATE 30 SCOOPS MOCCA HAZELNUTS (1KG)   255.714,Sieving/milling,0.5
LIMITLESS ALPHA WHEY PROTEIN ISOLATE 30 SCOOPS MOCCA HAZELNUTS (1KG)   255.714,High-Tech ,65
LIMITLESS ALPHA WHEY PROTEIN ISOLATE 30 SCOOPS MOCCA HAZELNUTS (1KG)   255.714,Semiautomatic Powder Filling,0.06
LIMITLESS ALPHA WHEY PROTEIN ISOLATE 30 SCOOPS STRAWBERRY (1KG)   255.714,Sieving/milling,0.5
LIMITLESS ALPHA WHEY PROTEIN ISOLATE 30 SCOOPS STRAWBERRY (1KG)   255.714,High-Tech ,65
LIMITLESS ALPHA WHEY PROTEIN ISOLATE 30 SCOOPS STRAWBERRY (1KG)   255.714,Semiautomatic Powder Filling,0.06
LIMITLESS ALPHA WHEY PROTEIN ISOLATE 30 SCOOPS STRAWBERRY (1KG)   262.614,Sieving/milling,0.5
LIMITLESS ALPHA WHEY PROTEIN ISOLATE 30 SCOOPS STRAWBERRY (1KG)   262.614,High-Tech ,65
LIMITLESS ALPHA WHEY PROTEIN ISOLATE 30 SCOOPS STRAWBERRY (1KG)   262.614,Semiautomatic Powder Filling,0.06
LIMITLESS ALPHA WHEY PROTEIN ISOLATE 30 SCOOPS VANILLA (1KG)    250.5045,Sieving/milling,0.5
LIMITLESS ALPHA WHEY PROTEIN ISOLATE 30 SCOOPS VANILLA (1KG)    250.5045,High-Tech ,65
LIMITLESS ALPHA WHEY PROTEIN ISOLATE 30 SCOOPS VANILLA (1KG)    250.5045,Semiautomatic Powder Filling,0.06
LIMITLESS APLHA L-CITRULLINE 60 SCOOP (192 GM)   2367,Semiautomatic Powder Filling,0.2
LIMITLESS GLOW HAIR,Sieving/milling,0.5
LIMITLESS GLOW HAIR,Fette 3090,120
LIMITLESS GLOW HAIR,Fette 3090 II,120
LIMITLESS GLOW HAIR,GCS 500,0.095238095
LIMITLESS GLOW HAIR,GCS 700,0.1
LIMITLESS GLOW HAIR,Countec,0.5
LIMITLESS LIPOFEREX 40 MG 10 TAB   18450,VG1200/FBD,0.15
LIMITLESS LIPOFEREX 40 MG 10 TAB   18450,Fette 3090,120
LIMITLESS LIPOFEREX 40 MG 10 TAB   18450,Fette 3090 II,120
LIMITLESS LIPOFEREX 40 MG 10 TAB   18450,GCS 500,6
LIMITLESS LIPOFEREX 40 MG 10 TAB   18450,Uhlmann,20
LIMITLESS LIPOFEREX 40 MG 10 TAB   18450,BEC 500,20
LIMITLESS LIPOFEREX 40 MG 10 TAB   18450,BEC 500 II,20
LIMITLESS LIPOFEREX 40 MG 10 TAB   18450,VG 1500/WSG 500,0.15
LIMITLESS LIPOFEREX 40 MG 10 TAB   23748,VG1200/FBD,0.1
LIMITLESS LIPOFEREX 40 MG 10 TAB   23748,Fette 3090,120
LIMITLESS LIPOFEREX 40 MG 10 TAB   23748,Fette 3090 II,120
LIMITLESS LIPOFEREX 40 MG 10 TAB   23748,GCS 500,6
LIMITLESS LIPOFEREX 40 MG 10 TAB   23748,Uhlmann,20
LIMITLESS LIPOFEREX 40 MG 10 TAB   23748,BEC 500,20
LIMITLESS LIPOFEREX 40 MG 10 TAB   23748,BEC 500 II,20
LIMITLESS LIPOFEREX 40 MG 10 TAB   23748,VG 1500/WSG 500,0.1
LIMITLESS LIPOFEREX 40 MG 10 TAB   34500,VG1200/FBD,0.066666667
LIMITLESS LIPOFEREX 40 MG 10 TAB   34500,Fette 3090,120
LIMITLESS LIPOFEREX 40 MG 10 TAB   34500,Fette 3090 II,120
LIMITLESS LIPOFEREX 40 MG 10 TAB   34500,GCS 500,6
LIMITLESS LIPOFEREX 40 MG 10 TAB   34500,Uhlmann,20
LIMITLESS LIPOFEREX 40 MG 10 TAB   34500,BEC 500,20
LIMITLESS LIPOFEREX 40 MG 10 TAB   34500,BEC 500 II,20
LIMITLESS LIPOFEREX 40 MG 10 TAB   34500,VG 1500/WSG 500,0.066666667
LIMITLESS LIPOFEREX 40 MG 10 TAB   34500,LIPOSOME TANK ,0.066666667
LIMITLESS LIPOFEREX 40 MG 10 TAB   9000,VG1200/FBD,0.3
LIMITLESS LIPOFEREX 40 MG 10 TAB   9000,Fette 3090,120
LIMITLESS LIPOFEREX 40 MG 10 TAB   9000,Fette 3090 II,120
LIMITLESS LIPOFEREX 40 MG 10 TAB   9000,GCS 500,6
LIMITLESS LIPOFEREX 40 MG 10 TAB   9000,Uhlmann,20
LIMITLESS LIPOFEREX 40 MG 10 TAB   9000,BEC 500,20
LIMITLESS LIPOFEREX 40 MG 10 TAB   9000,BEC 500 II,20
LIMITLESS LIPOFEREX 40 MG 10 TAB   9000,VG 1500/WSG 500,0.3
Limitless magnesium bisglycinate,VG600/Tray Oven,0.045454545
Limitless magnesium bisglycinate,Fette 3090,100
Limitless magnesium bisglycinate,GCS 500,0.5
Limitless magnesium bisglycinate,GCS 700,0.5
Limitless magnesium bisglycinate,BEC 500,10
LIMITLESS MAN MAX 100 TAB   450000,Sieving/milling,0.33
LIMITLESS MAN MAX 100 TAB   450000,Fette 3090,130
LIMITLESS MAN MAX 100 TAB   450000,Fette 3090 II,130
LIMITLESS MAN MAX 100 TAB   450000,GCS 500,0.125
LIMITLESS MAN MAX 100 TAB   450000,GCS 700,0.14
LIMITLESS MAN MAX 100 TAB   450000,Countec,1
LIMITLESS MAN MAX 30 TAB   180000,Sieving/milling,0.7
LIMITLESS MAN MAX 30 TAB   180000,Fette 3090,130
LIMITLESS MAN MAX 30 TAB   180000,Fette 3090 II,130
LIMITLESS MAN MAX 30 TAB   180000,GCS 500,0.25
LIMITLESS MAN MAX 30 TAB   180000,GCS 700,0.28
LIMITLESS MAN MAX 30 TAB   180000,Countec,1.5
LIMITLESS MILGA MAX 10 TAB   (LG)  28000,VG1200/FBD,0.12
LIMITLESS MILGA MAX 10 TAB   (LG)  28000,Korsch XL400,24
LIMITLESS MILGA MAX 10 TAB   (LG)  28000,Uhlmann,20
LIMITLESS MILGA MAX 10 TAB   (LG)  28000,BEC 500,20
LIMITLESS MILGA MAX 10 TAB   (LG)  28000,BEC 500 II,20
LIMITLESS MILGA MAX 10 TAB   (LG)  28000,VG 1500/WSG 500,0.12
LIMITLESS MILGA MAX 10 TAB   (LG)  84000,VG1200/FBD,0.0625
LIMITLESS MILGA MAX 10 TAB   (LG)  84000,Korsch XL400,24
LIMITLESS MILGA MAX 10 TAB   (LG)  84000,Uhlmann,17.5
LIMITLESS MILGA MAX 10 TAB   (LG)  84000,BEC 500,17.5
LIMITLESS MILGA MAX 10 TAB   (LG)  84000,BEC 500 II,17.5
LIMITLESS MILGA MAX 10 TAB   (LG)  84000,VG 1500/WSG 500,0.25
LIMITLESS OMEGA-3 FISH OIL 30 CAP ,Countec,1.5
Limitless osteodense,VG600/Tray Oven,0.0625
Limitless osteodense,Fette 3090,80
Limitless osteodense,Fette 3090 II,80
Limitless osteodense,GCS 500,0.4
Limitless osteodense,GCS 700,0.4
Limitless osteodense,Uhlmann,18
Limitless osteodense,BEC 500,18
Limitless osteodense,BEC 500 II,18
LIMITLESS PRENATAL MAX 30 SOFTGEL CAP  ( OCTOBER ),Uhlmann,10
LIMITLESS PRENATAL MAX 30 SOFTGEL CAP  ( OCTOBER ),BEC 500,10
LIMITLESS PRENATAL MAX 30 SOFTGEL CAP  ( OCTOBER ),BEC 500 II,10
Limitless Whey Protein concentrate 30 scoops Banana (1 Kg)    451.17,Sieving/milling,0.5
Limitless Whey Protein concentrate 30 scoops Banana (1 Kg)    451.17,High-Tech ,0.06
Limitless Whey Protein concentrate 30 scoops Banana (1 Kg)    451.17,Semiautomatic Powder Filling,0.06
Limitless Whey Protein concentrate 30 scoops Caramel (1Kg)   451.71,Sieving/milling,0.5
Limitless Whey Protein concentrate 30 scoops Caramel (1Kg)   451.71,High-Tech ,0.06
Limitless Whey Protein concentrate 30 scoops Caramel (1Kg)   451.71,Semiautomatic Powder Filling,0.06
Limitless Whey Protein concentrate 30 scoops creamy chocolate (1Kg)  (OCOTBER) 458.46,Sieving/milling,0.5
Limitless Whey Protein concentrate 30 scoops creamy chocolate (1Kg)  (OCOTBER) 458.46,High-Tech ,0.06
Limitless Whey Protein concentrate 30 scoops creamy chocolate (1Kg)  (OCOTBER) 458.46,Semiautomatic Powder Filling,0.06
Limitless Whey Protein concentrate 30 scoops Mocca Hazelnuts (1Kg)   461.835,Sieving/milling,0.5
Limitless Whey Protein concentrate 30 scoops Mocca Hazelnuts (1Kg)   461.835,High-Tech ,0.06
Limitless Whey Protein concentrate 30 scoops Mocca Hazelnuts (1Kg)   461.835,Semiautomatic Powder Filling,0.06
Limitless Whey Protein concentrate 30 scoops Strawberry (1 Kg)   457.335,Sieving/milling,0.5
Limitless Whey Protein concentrate 30 scoops Strawberry (1 Kg)   457.335,High-Tech ,0.06
Limitless Whey Protein concentrate 30 scoops Strawberry (1 Kg)   457.335,Semiautomatic Powder Filling,0.06
Limitless Whey Protein concentrate 30 scoops Vanilla (1Kg)   451.643,Sieving/milling,0.5
Limitless Whey Protein concentrate 30 scoops Vanilla (1Kg)   451.643,Semiautomatic Powder Filling,20
LIMITLESS WOMAN MAX 100 TAB   465000,Sieving/milling,0.5
LIMITLESS WOMAN MAX 100 TAB   465000,Fette 3090,130
LIMITLESS WOMAN MAX 100 TAB   465000,Fette 3090 II,130
LIMITLESS WOMAN MAX 100 TAB   465000,GCS 500,0.095238095
LIMITLESS WOMAN MAX 100 TAB   465000,GCS 700,0.1
LIMITLESS WOMAN MAX 100 TAB   465000,Uhlmann,10
LIMITLESS WOMAN MAX 100 TAB   465000,BEC 500,10
LIMITLESS WOMAN MAX 100 TAB   465000,BEC 500 II,10
LIMITLESS WOMAN MAX 100 TAB   465000,Countec,0.5
LIMITLESS WOMAN MAX 30 TAB   465000,Sieving/milling,0.5
LIMITLESS WOMAN MAX 30 TAB   465000,Fette 3090,130
LIMITLESS WOMAN MAX 30 TAB   465000,Fette 3090 II,130
LIMITLESS WOMAN MAX 30 TAB   465000,GCS 500,0.095238095
LIMITLESS WOMAN MAX 30 TAB   465000,GCS 700,0.1
LIMITLESS WOMAN MAX 30 TAB   465000,Countec,1.5
LIMITLESS WOMAN MAX 30 TAB   52710,Sieving/milling,1
LIMITLESS WOMAN MAX 30 TAB   52710,Fette 3090,130
LIMITLESS WOMAN MAX 30 TAB   52710,Fette 3090 II,130
LIMITLESS WOMAN MAX 30 TAB   52710,GCS 500,0.27
LIMITLESS WOMAN MAX 30 TAB   52710,GCS 700,0.3
LIMITLESS WOMAN MAX 30 TAB   52710,Countec,1.5
MAXOPHAGE XR 10 TAB   19500,Sieving/milling,0.5
MAXOPHAGE XR 10 TAB   19500,VG1200/FBD,0.4
MAXOPHAGE XR 10 TAB   19500,Fette 3090,135
MAXOPHAGE XR 10 TAB   19500,Fette 3090 II,135
MAXOPHAGE XR 10 TAB   19500,Uhlmann,5
MAXOPHAGE XR 10 TAB   19500,BEC 500,5
MAXOPHAGE XR 10 TAB   19500,BEC 500 II,5
MAXOPHAGE XR 10 TAB   19500,VG 1500/WSG 500,0.4
MAXOPHAGE XR 10 TAB   67500,Sieving/milling,0.5
MAXOPHAGE XR 10 TAB   67500,VG1200/FBD,0.2
MAXOPHAGE XR 10 TAB   67500,Fette 3090,135
MAXOPHAGE XR 10 TAB   67500,Fette 3090 II,135
MAXOPHAGE XR 10 TAB   67500,Uhlmann,5
MAXOPHAGE XR 10 TAB   67500,BEC 500,5
MAXOPHAGE XR 10 TAB   67500,BEC 500 II,5
MAXOPHAGE XR 10 TAB   67500,VG 1500/WSG 500,0.2
MELLITOFIX MET 12.5/1000 MG 10 TAB   67500,Sieving/milling,0.5
MELLITOFIX MET 12.5/1000 MG 10 TAB   67500,VG600/Tray Oven,0.333333333
MELLITOFIX MET 12.5/1000 MG 10 TAB   67500,VG1200/FBD,0.166666667
MELLITOFIX MET 12.5/1000 MG 10 TAB   67500,Fette 3090,150
MELLITOFIX MET 12.5/1000 MG 10 TAB   67500,Fette 3090 II,150
MELLITOFIX MET 12.5/1000 MG 10 TAB   67500,GCS 500,0.111111111
MELLITOFIX MET 12.5/1000 MG 10 TAB   67500,GCS 700,0.111111111
MELLITOFIX MET 12.5/1000 MG 10 TAB   67500,Uhlmann,9
MELLITOFIX MET 12.5/1000 MG 10 TAB   67500,BEC 500,9
MELLITOFIX MET 12.5/1000 MG 10 TAB   67500,BEC 500 II,9
MELLITOFIX MET 12.5/1000 MG 10 TAB   67500,VG 1500/WSG 500,0.153846154
MELLITOFIX MET 12.5/1000 MG 10 TAB   9000,Sieving/milling,0.5
MELLITOFIX MET 12.5/1000 MG 10 TAB   9000,VG600/Tray Oven,0.6
MELLITOFIX MET 12.5/1000 MG 10 TAB   9000,VG1200/FBD,0.32
MELLITOFIX MET 12.5/1000 MG 10 TAB   9000,Fette 3090,150
MELLITOFIX MET 12.5/1000 MG 10 TAB   9000,Fette 3090 II,150
MELLITOFIX MET 12.5/1000 MG 10 TAB   9000,GCS 500,0.2
MELLITOFIX MET 12.5/1000 MG 10 TAB   9000,GCS 700,0.2
MELLITOFIX MET 12.5/1000 MG 10 TAB   9000,Uhlmann,9
MELLITOFIX MET 12.5/1000 MG 10 TAB   9000,BEC 500,9
MELLITOFIX MET 12.5/1000 MG 10 TAB   9000,BEC 500 II,9
MELLITOFIX MET 12.5/1000 MG 10 TAB   9000,VG 1500/WSG 500,0.32
MELLITOFIX MET 5/1000 MG 10 TAB   67500,Sieving/milling,0.5
MELLITOFIX MET 5/1000 MG 10 TAB   67500,VG600/Tray Oven,0.333333333
MELLITOFIX MET 5/1000 MG 10 TAB   67500,VG1200/FBD,0.25
MELLITOFIX MET 5/1000 MG 10 TAB   67500,Fette 3090,150
MELLITOFIX MET 5/1000 MG 10 TAB   67500,Fette 3090 II,150
MELLITOFIX MET 5/1000 MG 10 TAB   67500,GCS 500,0.153846154
MELLITOFIX MET 5/1000 MG 10 TAB   67500,GCS 700,0.153846154
MELLITOFIX MET 5/1000 MG 10 TAB   67500,Uhlmann,10
MELLITOFIX MET 5/1000 MG 10 TAB   67500,BEC 500,10
MELLITOFIX MET 5/1000 MG 10 TAB   67500,BEC 500 II,10
MELLITOFIX MET 5/1000 MG 10 TAB   67500,VG 1500/WSG 500,0.25
MELLITOFIX MET 5/1000 MG 10 TAB   9000,Sieving/milling,0.5
MELLITOFIX MET 5/1000 MG 10 TAB   9000,VG600/Tray Oven,0.6
MELLITOFIX MET 5/1000 MG 10 TAB   9000,VG1200/FBD,0.5
MELLITOFIX MET 5/1000 MG 10 TAB   9000,Fette 3090,150
MELLITOFIX MET 5/1000 MG 10 TAB   9000,Fette 3090 II,150
MELLITOFIX MET 5/1000 MG 10 TAB   9000,GCS 500,0.3
MELLITOFIX MET 5/1000 MG 10 TAB   9000,GCS 700,0.3
MELLITOFIX MET 5/1000 MG 10 TAB   9000,Uhlmann,10
MELLITOFIX MET 5/1000 MG 10 TAB   9000,BEC 500,10
MELLITOFIX MET 5/1000 MG 10 TAB   9000,BEC 500 II,10
MELLITOFIX MET 5/1000 MG 10 TAB   9000,VG 1500/WSG 500,0.5
Mensopol 25 KG   130 kg,Sieving/milling,1
Mensopol 25 KG   130 kg,Alexanderwerck,1
Mensopol 25 KG   130 kg,High-Tech ,0.016
Mensopol 25 KG   130 kg,Semiautomatic Powder Filling,0.16
METFORMIN -EVAPHARMA 1000MG 10 TAB  48000,Sieving/milling,1
METFORMIN -EVAPHARMA 1000MG 10 TAB  48000,VG1200/FBD,0.2
METFORMIN -EVAPHARMA 1000MG 10 TAB  48000,Korsch XL400,30
METFORMIN -EVAPHARMA 1000MG 10 TAB  48000,Uhlmann,5
METFORMIN -EVAPHARMA 1000MG 10 TAB  48000,BEC 500,5
METFORMIN -EVAPHARMA 1000MG 10 TAB  48000,BEC 500 II,5
METFORMIN -EVAPHARMA 1000MG 10 TAB  48000,VG 1500/WSG 500,0.2
METFORMIN -EVAPHARMA 500 MG 10 TAB  75000,Sieving/milling,0.5
METFORMIN -EVAPHARMA 500 MG 10 TAB  75000,VG1200/FBD,0.333333333
METFORMIN -EVAPHARMA 500 MG 10 TAB  75000,Fette 3090,130
METFORMIN -EVAPHARMA 500 MG 10 TAB  75000,Fette 3090 II,130
METFORMIN -EVAPHARMA 500 MG 10 TAB  75000,Uhlmann,18
METFORMIN -EVAPHARMA 500 MG 10 TAB  75000,BEC 500,18
METFORMIN -EVAPHARMA 500 MG 10 TAB  75000,BEC 500 II,18
METFORMIN -EVAPHARMA 500 MG 10 TAB  75000,VG 1500/WSG 500,0.333333333
METFORMIN -EVAPHARMA 750 MG 10 TAB  10500,Sieving/milling,1
METFORMIN -EVAPHARMA 750 MG 10 TAB  10500,VG600/Tray Oven,0.1
METFORMIN -EVAPHARMA 750 MG 10 TAB  10500,VG1200/FBD,0.333333333
METFORMIN -EVAPHARMA 750 MG 10 TAB  10500,Fette 3090,130
METFORMIN -EVAPHARMA 750 MG 10 TAB  10500,Fette 3090 II,130
METFORMIN -EVAPHARMA 750 MG 10 TAB  10500,Uhlmann,18
METFORMIN -EVAPHARMA 750 MG 10 TAB  10500,BEC 500,18
METFORMIN -EVAPHARMA 750 MG 10 TAB  10500,BEC 500 II,18
METFORMIN -EVAPHARMA 750 MG 10 TAB  10500,VG 1500/WSG 500,0.333333333
Mialinopan 1 KG,Sieving/milling,1
MILGA 10 TAB  195000,Sieving/milling,1
MILGA 10 TAB  195000,VG1200/FBD,0.333333333
MILGA 10 TAB  195000,Fette 2100,80
MILGA 10 TAB  195000,Fette 3090,400
MILGA 10 TAB  195000,Fette 3090 II,400
MILGA 10 TAB  195000,GCS 500,0.2
MILGA 10 TAB  195000,GCS 700,0.2
MILGA 10 TAB  195000,Uhlmann,24
MILGA 10 TAB  195000,BEC 500,24
MILGA 10 TAB  195000,BEC 500 II,24
MILGA 10 TAB  195000,VG 1500/WSG 500,0.333333333
MILGA 10 TAB  210000,Sieving/milling,1
MILGA 10 TAB  210000,VG1200/FBD,0.333333333
MILGA 10 TAB  210000,Fette 2100,80
MILGA 10 TAB  210000,Fette 3090,400
MILGA 10 TAB  210000,Fette 3090 II,400
MILGA 10 TAB  210000,GCS 500,0.2
MILGA 10 TAB  210000,GCS 700,0.2
MILGA 10 TAB  210000,Uhlmann,24
MILGA 10 TAB  210000,BEC 500,24
MILGA 10 TAB  210000,BEC 500 II,24
MILGA 10 TAB  210000,VG 1500/WSG 500,0.333333333
MILGA 10 TAB  32000,Sieving/milling,1
MILGA 10 TAB  32000,VG600/Tray Oven,0.166666667
MILGA 10 TAB  32000,Fette 2100,80
MILGA 10 TAB  32000,Fette 3090,400
MILGA 10 TAB  32000,Fette 3090 II,400
MILGA 10 TAB  32000,GCS 500,0.4
MILGA 10 TAB  32000,GCS 700,0.4
MILGA 10 TAB  32000,Uhlmann,24
MILGA 10 TAB  32000,BEC 500,24
MILGA 10 TAB  32000,BEC 500 II,24
MILGA 10 TAB  75000,Sieving/milling,1
MILGA 10 TAB  75000,VG600/Tray Oven,0.166666667
MILGA 10 TAB  75000,Fette 2100,80
MILGA 10 TAB  75000,Fette 3090,400
MILGA 10 TAB  75000,Fette 3090 II,400
MILGA 10 TAB  75000,GCS 500,0.2
MILGA 10 TAB  75000,GCS 700,0.222222222
MILGA 10 TAB  75000,Uhlmann,24
MILGA 10 TAB  75000,BEC 500,24
MILGA 10 TAB  75000,BEC 500 II,24
MILGA 10 TAB  84000,Sieving/milling,1
MILGA 10 TAB  84000,VG600/Tray Oven,0.166666667
MILGA 10 TAB  84000,Fette 2100,80
MILGA 10 TAB  84000,Fette 3090,400
MILGA 10 TAB  84000,Fette 3090 II,400
MILGA 10 TAB  84000,GCS 500,0.2
MILGA 10 TAB  84000,GCS 700,0.222222222
MILGA 10 TAB  84000,Uhlmann,24
MILGA 10 TAB  84000,BEC 500,24
MILGA 10 TAB  84000,BEC 500 II,24
MILGA ADVANCE 10 TAB  (EDA) 150000,VG1200/FBD,0.222222222
MILGA ADVANCE 10 TAB  (EDA) 150000,Fette 3090,350
MILGA ADVANCE 10 TAB  (EDA) 150000,Fette 3090 II,350
MILGA ADVANCE 10 TAB  (EDA) 150000,GCS 500,0.333333333
MILGA ADVANCE 10 TAB  (EDA) 150000,GCS 700,0.4
MILGA ADVANCE 10 TAB  (EDA) 150000,Uhlmann,24
MILGA ADVANCE 10 TAB  (EDA) 150000,BEC 500,24
MILGA ADVANCE 10 TAB  (EDA) 150000,BEC 500 II,24
MILGA ADVANCE 10 TAB  (EDA) 150000,VG 1500/WSG 500,0.222222222
MILGA ADVANCE 10 TAB  (EDA) 30000,VG1200/FBD,0.4
MILGA ADVANCE 10 TAB  (EDA) 30000,Fette 3090,350
MILGA ADVANCE 10 TAB  (EDA) 30000,Fette 3090 II,350
MILGA ADVANCE 10 TAB  (EDA) 30000,GCS 500,0.6
MILGA ADVANCE 10 TAB  (EDA) 30000,GCS 700,0.8
MILGA ADVANCE 10 TAB  (EDA) 30000,Uhlmann,24
MILGA ADVANCE 10 TAB  (EDA) 30000,BEC 500,24
MILGA ADVANCE 10 TAB  (EDA) 30000,BEC 500 II,24
MILGA ADVANCE 10 TAB  (EDA) 30000,VG 1500/WSG 500,0.4
MODAFINIL 1 TAB.  ,VG600/Tray Oven,0.25
MODAFINIL 1 TAB.  ,VG1200/FBD,0.125
MODAFINIL 1 TAB.  ,Fette 3090,100
MODAFINIL 1 TAB.  ,Fette 3090 II,100
MODAFINIL 1 TAB.  ,BEC 500,2
MODAFINIL 1 TAB.  ,BEC 500 II,2
MODAFINIL 1 TAB.  ,VG 1500/WSG 500,0.125
Modafinil 100 mg,Fette 3090,100
Modafinil 100 mg,Fette 3090 II,100
Modafinil 100 mg,BEC 500,10
Modafinil 100 mg,BEC 500 II,10
Modafinil 200 mg,VG1200/FBD,0.125
Modafinil 200 mg,Fette 3090,100
Modafinil 200 mg,Fette 3090 II,100
Modafinil 200 mg,BEC 500,15
Modafinil 200 mg,BEC 500 II,15
Modafinil 200 mg,VG 1500/WSG 500,0.125
Monoflozin 10 mg,CAM,3
Monoflozin 5 mg,VG1200/FBD,0.333333333
Monoflozin 5 mg,Fette 2100,100
Monoflozin 5 mg,Fette 3090,400
Monoflozin 5 mg,Fette 3090 II,400
Monoflozin 5 mg,GCS 500,0.2
Monoflozin 5 mg,CAM,2
Monoflozin 5 mg,BEC 500,15
Monoflozin 5 mg,BEC 500 II,15
Monoflozin 5 mg,VG 1500/WSG 500,0.333333333
MOXIFLOX 5 TAB   160000,Sieving/milling,0.333333333
MOXIFLOX 5 TAB   160000,Alexanderwerck,0.2
MOXIFLOX 5 TAB   160000,Fette 2100,60
MOXIFLOX 5 TAB   160000,GCS 500,0.2
MOXIFLOX 5 TAB   160000,GCS 700,0.2
MOXIFLOX 5 TAB   160000,Uhlmann,15
MOXIFLOX 5 TAB   160000,BEC 500,15
MOXIFLOX 5 TAB   160000,BEC 500 II,15
MOXIFLOX 5 TAB   40000,Sieving/milling,0.333333333
MOXIFLOX 5 TAB   40000,Alexanderwerck,0.6
MOXIFLOX 5 TAB   40000,Fette 2100,60
MOXIFLOX 5 TAB   40000,GCS 500,0.5
MOXIFLOX 5 TAB   40000,GCS 700,0.5
MOXIFLOX 5 TAB   40000,Uhlmann,15
MOXIFLOX 5 TAB   40000,BEC 500,15
MOXIFLOX 5 TAB   40000,BEC 500 II,15
MSM 10 TAB  27000,Sieving/milling,0.8
MSM 10 TAB  27000,Fette 3090,170
MSM 10 TAB  27000,Fette 3090 II,170
MSM 10 TAB  27000,Uhlmann,21
MSM 10 TAB  27000,BEC 500,21
MSM 10 TAB  27000,BEC 500 II,21
MSM 10 TAB  57000,Sieving/milling,0.4
MSM 10 TAB  57000,Fette 3090,170
MSM 10 TAB  57000,Fette 3090 II,170
MSM 10 TAB  57000,Uhlmann,21
MSM 10 TAB  57000,BEC 500,21
MSM 10 TAB  57000,BEC 500 II,21
MYOFEN 10 CAPS  135000,VG1200/FBD,0.3
MYOFEN 10 CAPS  135000,Syntegon 2500,100
MYOFEN 10 CAPS  135000,Bosch 2500,100
MYOFEN 10 CAPS  135000,Uhlmann,21
MYOFEN 10 CAPS  135000,BEC 500,21
MYOFEN 10 CAPS  135000,BEC 500 II,21
MYOFEN 10 CAPS  135000,VG 1500/WSG 500,0.3
MYOFEN 10 CAPS  169500,VG1200/FBD,0.2
MYOFEN 10 CAPS  169500,Syntegon 2500,100
MYOFEN 10 CAPS  169500,Bosch 2500,100
MYOFEN 10 CAPS  169500,Uhlmann,21
MYOFEN 10 CAPS  169500,BEC 500,21
MYOFEN 10 CAPS  169500,BEC 500 II,21
MYOFEN 10 CAPS  169500,VG 1500/WSG 500,0.25
MYOFEN 10 CAPS  66000,VG1200/FBD,0.6
MYOFEN 10 CAPS  66000,Syntegon 2500,100
MYOFEN 10 CAPS  66000,Bosch 2500,100
MYOFEN 10 CAPS  66000,Uhlmann,21
MYOFEN 10 CAPS  66000,BEC 500,21
MYOFEN 10 CAPS  66000,BEC 500 II,21
MYOFEN 10 CAPS  66000,VG 1500/WSG 500,0.6
NITORA 10 TAB  24000,Sieving/milling,0.4
NITORA 10 TAB  24000,Fette 3090,130
NITORA 10 TAB  24000,Fette 3090 II,130
NITORA 10 TAB  24000,GCS 500,0.32
NITORA 10 TAB  24000,GCS 700,0.32
NITORA 10 TAB  24000,Uhlmann,21
NITORA 10 TAB  24000,BEC 500,21
NITORA 10 TAB  24000,BEC 500 II,21
NITORA 10 TAB  55500,Sieving/milling,0.4
NITORA 10 TAB  55500,Fette 3090,130
NITORA 10 TAB  55500,Fette 3090 II,130
NITORA 10 TAB  55500,GCS 500,0.153846154
NITORA 10 TAB  55500,GCS 700,0.166666667
NITORA 10 TAB  55500,Uhlmann,21
NITORA 10 TAB  55500,BEC 500,21
NITORA 10 TAB  55500,BEC 500 II,21
NITORA 10 TAB  60000,Sieving/milling,0.4
NITORA 10 TAB  60000,Fette 3090,130
NITORA 10 TAB  60000,Fette 3090 II,130
NITORA 10 TAB  60000,GCS 500,0.153846154
NITORA 10 TAB  60000,GCS 700,0.166666667
NITORA 10 TAB  60000,Uhlmann,21
NITORA 10 TAB  60000,BEC 500,21
NITORA 10 TAB  60000,BEC 500 II,21
OXIGREX 300 MG 10 TAB.   36000,Alexanderwerck,0.2
OXIGREX 300 MG 10 TAB.   36000,Fette 2100,30
OXIGREX 300 MG 10 TAB.   36000,Fette 3090,30
OXIGREX 300 MG 10 TAB.   36000,Fette 3090 II,30
OXIGREX 300 MG 10 TAB.   36000,GCS 500,0.2
OXIGREX 300 MG 10 TAB.   36000,Uhlmann,15
OXIGREX 300 MG 10 TAB.   36000,BEC 500,15
OXIGREX 300 MG 10 TAB.   36000,BEC 500 II,15
OXIGREX 300 MG 10 TABLETS  10500,Alexanderwerck,0.6
OXIGREX 300 MG 10 TABLETS  10500,Fette 2100,30
OXIGREX 300 MG 10 TABLETS  10500,Fette 3090,30
OXIGREX 300 MG 10 TABLETS  10500,Fette 3090 II,30
OXIGREX 300 MG 10 TABLETS  10500,GCS 500,0.2
OXIGREX 300 MG 10 TABLETS  10500,Uhlmann,15
OXIGREX 300 MG 10 TABLETS  10500,BEC 500,15
OXIGREX 300 MG 10 TABLETS  10500,BEC 500 II,15
PAROXETINE 10 TAB.   180000,VG600/Tray Oven,0.090909091
PAROXETINE 10 TAB.   180000,Fette 2100,80
PAROXETINE 10 TAB.   180000,GCS 500,0.2
PAROXETINE 10 TAB.   180000,GCS 700,0.2
PAROXETINE 10 TAB.   180000,Uhlmann,12
PAROXETINE 10 TAB.   180000,BEC 500,12
PAROXETINE 10 TAB.   180000,BEC 500 II,12
PAROXETINE 10 TAB.   45000,VG600/Tray Oven,0.3
PAROXETINE 10 TAB.   45000,Fette 2100,80
PAROXETINE 10 TAB.   45000,GCS 500,0.4
PAROXETINE 10 TAB.   45000,GCS 700,0.4
PAROXETINE 10 TAB.   45000,Uhlmann,12
PAROXETINE 10 TAB.   45000,BEC 500,12
PAROXETINE 10 TAB.   45000,BEC 500 II,12
PAROXETINE 10 TABLETS  30000,VG600/Tray Oven,0.4
PAROXETINE 10 TABLETS  30000,Fette 2100,80
PAROXETINE 10 TABLETS  30000,GCS 500,0.4
PAROXETINE 10 TABLETS  30000,GCS 700,0.4
PAROXETINE 10 TABLETS  30000,Uhlmann,12
PAROXETINE 10 TABLETS  30000,BEC 500,12
PAROXETINE 10 TABLETS  30000,BEC 500 II,12
PAROXTINE 12.5 MG CR 10 TAB   105000,VG600/Tray Oven,0.052631579
PAROXTINE 12.5 MG CR 10 TAB   105000,Korsch XL400,43
PAROXTINE 12.5 MG CR 10 TAB   105000,GCS 500,0.153846154
PAROXTINE 12.5 MG CR 10 TAB   105000,Uhlmann,16
PAROXTINE 12.5 MG CR 10 TAB   105000,BEC 500,16
PAROXTINE 12.5 MG CR 10 TAB   105000,BEC 500 II,16
PAROXTINE 25 MG CR 10 TAB   105000,VG600/Tray Oven,0.052631579
PAROXTINE 25 MG CR 10 TAB   105000,Korsch XL400,43
PAROXTINE 25 MG CR 10 TAB   105000,GCS 500,0.153846154
PAROXTINE 25 MG CR 10 TAB   105000,Uhlmann,16
PAROXTINE 25 MG CR 10 TAB   105000,BEC 500,16
PAROXTINE 25 MG CR 10 TAB   105000,BEC 500 II,16
Placebo,Sieving/milling,0.333333333
Placebo,Fette 2100,85
Placebo,Fette 3090,150
Placebo,Fette 3090 II,400
Placebo,GCS 500,0.4
Placebo Trial,Sieving/milling,1
Placebo Trial,VG1200/FBD,0.2
Placebo Trial,Fette 2100,80
Placebo Trial,Fette 3090,400
Placebo Trial,Fette 3090 II,500
Placebo Trial,GCS 500,0.2
Placebo Trial,GCS 700,0.2
Placebo Trial,Uhlmann,24
Placebo Trial,BEC 500,24
Placebo Trial,BEC 500 II,24
POWERECTA 20 MG 2 TAB  1000000,Sieving/milling,0.5
POWERECTA 20 MG 2 TAB  1000000,Alexanderwerck,0.2
POWERECTA 20 MG 2 TAB  1000000,Fette 2100,80
POWERECTA 20 MG 2 TAB  1000000,Fette 3090,250
POWERECTA 20 MG 2 TAB  1000000,Fette 3090 II,250
POWERECTA 20 MG 2 TAB  1000000,GCS 500,0.12
POWERECTA 20 MG 2 TAB  1000000,GCS 700,0.12
POWERECTA 20 MG 2 TAB  1000000,CAM,25
POWERECTA 20 MG 2 TAB  1000000,BEC 500,10
POWERECTA 20 MG 2 TAB  1000000,BEC 500 II,10
POWERECTA 20 MG 2 TAB  200000,Sieving/milling,1
POWERECTA 20 MG 2 TAB  200000,Alexanderwerck,1
POWERECTA 20 MG 2 TAB  200000,Fette 2100,80
POWERECTA 20 MG 2 TAB  200000,Fette 3090,250
POWERECTA 20 MG 2 TAB  200000,Fette 3090 II,250
POWERECTA 20 MG 2 TAB  200000,GCS 500,0.25
POWERECTA 20 MG 2 TAB  200000,GCS 700,0.25
POWERECTA 20 MG 2 TAB  200000,CAM,25
POWERECTA 20 MG 2 TAB  200000,BEC 500,10
POWERECTA 20 MG 2 TAB  200000,BEC 500 II,10
POWERECTA 20 MG 2 TAB  500000,Sieving/milling,1
POWERECTA 20 MG 2 TAB  500000,Alexanderwerck,0.5
POWERECTA 20 MG 2 TAB  500000,Fette 2100,80
POWERECTA 20 MG 2 TAB  500000,Fette 3090,250
POWERECTA 20 MG 2 TAB  500000,Fette 3090 II,250
POWERECTA 20 MG 2 TAB  500000,GCS 500,0.25
POWERECTA 20 MG 2 TAB  500000,GCS 700,0.25
POWERECTA 20 MG 2 TAB  500000,CAM,25
POWERECTA 20 MG 2 TAB  500000,BEC 500,10
POWERECTA 20 MG 2 TAB  500000,BEC 500 II,10
Pravastatin 10mg,Sieving/milling,0.25
Pravastatin 10mg,Fette 3090,250
Pravastatin 10mg,Fette 3090 II,250
Pravastatin 10mg,GCS 500,0.25
Pravastatin 10mg,Uhlmann,10
Pravastatin 10mg,BEC 500,10
Pravastatin 10mg,BEC 500 II,10
Pravastatin 20 mg,Sieving/milling,0.166666667
Pravastatin 20 mg,Fette 3090,250
Pravastatin 20 mg,Fette 3090 II,250
Pravastatin 20 mg,GCS 700,0.2
Pravastatin 20 mg,Uhlmann,10
Pravastatin 20 mg,BEC 500,10
Pravastatin 20 mg,BEC 500 II,10
Pravastatin 40 mg,Sieving/milling,0.166666667
Pravastatin 40 mg,Fette 3090,250
Pravastatin 40 mg,Fette 3090 II,250
Pravastatin 40 mg,GCS 700,0.2
Pravastatin 40 mg,Uhlmann,10
Pravastatin 40 mg,BEC 500,10
Pravastatin 40 mg,BEC 500 II,10
PREGAVALEX 150 MG 10 CAPS  20000,VG1200/FBD,0.5
PREGAVALEX 150 MG 10 CAPS  20000,Syntegon 2500,100
PREGAVALEX 150 MG 10 CAPS  20000,Bosch 2500,100
PREGAVALEX 150 MG 10 CAPS  20000,Uhlmann,20
PREGAVALEX 150 MG 10 CAPS  20000,BEC 500,20
PREGAVALEX 150 MG 10 CAPS  20000,BEC 500 II,20
PREGAVALEX 150 MG 10 CAPS  20000,VG 1500/WSG 500,0.5
PREGAVALEX 150 MG 10 CAPS  40000,VG1200/FBD,0.25
PREGAVALEX 150 MG 10 CAPS  40000,Syntegon 2500,100
PREGAVALEX 150 MG 10 CAPS  40000,Bosch 2500,100
PREGAVALEX 150 MG 10 CAPS  40000,Uhlmann,20
PREGAVALEX 150 MG 10 CAPS  40000,BEC 500,20
PREGAVALEX 150 MG 10 CAPS  40000,BEC 500 II,20
PREGAVALEX 150 MG 10 CAPS  40000,VG 1500/WSG 500,0.25
PREGAVALEX 150 MG 10 CAPS  60000,VG1200/FBD,0.152
PREGAVALEX 150 MG 10 CAPS  60000,Syntegon 2500,100
PREGAVALEX 150 MG 10 CAPS  60000,Bosch 2500,100
PREGAVALEX 150 MG 10 CAPS  60000,Uhlmann,20
PREGAVALEX 150 MG 10 CAPS  60000,BEC 500,20
PREGAVALEX 150 MG 10 CAPS  60000,BEC 500 II,20
PREGAVALEX 150 MG 10 CAPS  60000,VG 1500/WSG 500,0.152
PREGAVALEX 50 MG 10 CAPS  30000,VG1200/FBD,0.5
PREGAVALEX 50 MG 10 CAPS  30000,Syntegon 2500,100
PREGAVALEX 50 MG 10 CAPS  30000,Bosch 2500,100
PREGAVALEX 50 MG 10 CAPS  30000,Uhlmann,20
PREGAVALEX 50 MG 10 CAPS  30000,BEC 500,20
PREGAVALEX 50 MG 10 CAPS  30000,BEC 500 II,20
PREGAVALEX 50 MG 10 CAPS  30000,VG 1500/WSG 500,0.5
PREGAVALEX 75 MG 10 CAPS  270000,VG1200/FBD,0.125
PREGAVALEX 75 MG 10 CAPS  270000,Syntegon 2500,100
PREGAVALEX 75 MG 10 CAPS  270000,Bosch 2500,100
PREGAVALEX 75 MG 10 CAPS  270000,Uhlmann,20
PREGAVALEX 75 MG 10 CAPS  270000,BEC 500,20
PREGAVALEX 75 MG 10 CAPS  270000,BEC 500 II,20
PREGAVALEX 75 MG 10 CAPS  270000,VG 1500/WSG 500,0.125
PREGAVALEX 75 MG 10 CAPS  90000,VG1200/FBD,0.4
PREGAVALEX 75 MG 10 CAPS  90000,Syntegon 2500,100
PREGAVALEX 75 MG 10 CAPS  90000,Bosch 2500,100
PREGAVALEX 75 MG 10 CAPS  90000,Uhlmann,20
PREGAVALEX 75 MG 10 CAPS  90000,BEC 500,20
PREGAVALEX 75 MG 10 CAPS  90000,BEC 500 II,20
PREGAVALEX 75 MG 10 CAPS  90000,VG 1500/WSG 500,0.4
PREVAGLIP 5 MG 10 TAB FOR EU   70000,VG1200/FBD,0.2
PREVAGLIP 5 MG 10 TAB FOR EU   70000,Fette 3090,120
PREVAGLIP 5 MG 10 TAB FOR EU   70000,Fette 3090 II,120
PREVAGLIP 5 MG 10 TAB FOR EU   70000,GCS 500,0.5
PREVAGLIP 5 MG 10 TAB FOR EU   70000,GCS 700,0.5
PREVAGLIP 5 MG 10 TAB FOR EU   70000,Uhlmann,15
PREVAGLIP 5 MG 10 TAB FOR EU   70000,BEC 500,15
PREVAGLIP 5 MG 10 TAB FOR EU   70000,BEC 500 II,15
PREVAGLIP 5 MG 10 TAB FOR EU   70000,VG 1500/WSG 500,0.2
PREVAGLIP PLUS 2.5/1000 MG 10 TAB FOR EU   12000,Sieving/milling,2
PREVAGLIP PLUS 2.5/1000 MG 10 TAB FOR EU   12000,VG1200/FBD,0.2
PREVAGLIP PLUS 2.5/1000 MG 10 TAB FOR EU   12000,Fette 3090,120
PREVAGLIP PLUS 2.5/1000 MG 10 TAB FOR EU   12000,Fette 3090 II,120
PREVAGLIP PLUS 2.5/1000 MG 10 TAB FOR EU   12000,GCS 500,0.5
PREVAGLIP PLUS 2.5/1000 MG 10 TAB FOR EU   12000,GCS 700,0.5
PREVAGLIP PLUS 2.5/1000 MG 10 TAB FOR EU   12000,Uhlmann,12
PREVAGLIP PLUS 2.5/1000 MG 10 TAB FOR EU   12000,BEC 500,12
PREVAGLIP PLUS 2.5/1000 MG 10 TAB FOR EU   12000,BEC 500 II,12
PREVAGLIP PLUS 2.5/1000 MG 10 TAB FOR EU   12000,VG 1500/WSG 500,0.2
PREVAGLIP PLUS 2.5/850 MG 10 TAB FOR EU   13500,Sieving/milling,2
PREVAGLIP PLUS 2.5/850 MG 10 TAB FOR EU   13500,VG1200/FBD,0.2
PREVAGLIP PLUS 2.5/850 MG 10 TAB FOR EU   13500,Fette 3090,120
PREVAGLIP PLUS 2.5/850 MG 10 TAB FOR EU   13500,Fette 3090 II,120
PREVAGLIP PLUS 2.5/850 MG 10 TAB FOR EU   13500,GCS 500,0.5
PREVAGLIP PLUS 2.5/850 MG 10 TAB FOR EU   13500,GCS 700,0.5
PREVAGLIP PLUS 2.5/850 MG 10 TAB FOR EU   13500,Uhlmann,12
PREVAGLIP PLUS 2.5/850 MG 10 TAB FOR EU   13500,BEC 500,12
PREVAGLIP PLUS 2.5/850 MG 10 TAB FOR EU   13500,BEC 500 II,12
PREVAGLIP PLUS 2.5/850 MG 10 TAB FOR EU   13500,VG 1500/WSG 500,0.2
SINLERG 10 TAB.   150000,VG1200/FBD,0.166666667
SINLERG 10 TAB.   150000,Fette 2100,70
SINLERG 10 TAB.   150000,GCS 500,0.111111111
SINLERG 10 TAB.   150000,GCS 700,0.111111111
SINLERG 10 TAB.   150000,Uhlmann,16
SINLERG 10 TAB.   150000,BEC 500,15
SINLERG 10 TAB.   150000,BEC 500 II,15
SINLERG 10 TAB.   150000,VG 1500/WSG 500,0.166666667
SINLERG 10 TAB.   160000,VG1200/FBD,0.166666667
SINLERG 10 TAB.   160000,Fette 2100,70
SINLERG 10 TAB.   160000,GCS 500,0.111111111
SINLERG 10 TAB.   160000,GCS 700,0.111111111
SINLERG 10 TAB.   160000,Uhlmann,16
SINLERG 10 TAB.   160000,BEC 500,15
SINLERG 10 TAB.   160000,BEC 500 II,15
SINLERG 10 TAB.   160000,VG 1500/WSG 500,0.166666667
Sleep Aid,Sieving/milling,0.333333
Sleep Aid,Alexanderwerck,0.25
Sleep Aid,Korsch XL400,24
Sleep Aid,GCS 500,0.5
Sleep Aid,Countec,1.5
SOLITRACT 5 MG 10 TAB.   90000,VG600/Tray Oven,0.090909091
SOLITRACT 5 MG 10 TAB.   90000,Fette 2100,80
SOLITRACT 5 MG 10 TAB.   90000,GCS 500,0.33
SOLITRACT 5 MG 10 TAB.   90000,Uhlmann,22.5
SOLITRACT 5 MG 10 TAB.   90000,BEC 500,22.5
SOLITRACT 5 MG 10 TAB.   90000,BEC 500 II,22.5
SOLITRACT 5 MG 10 TABLETS  15000,VG600/Tray Oven,0.2
SOLITRACT 5 MG 10 TABLETS  15000,Fette 2100,80
SOLITRACT 5 MG 10 TABLETS  15000,GCS 500,0.5
SOLITRACT 5 MG 10 TABLETS  15000,Uhlmann,22.5
SOLITRACT 5 MG 10 TABLETS  15000,BEC 500,22.5
SOLITRACT 5 MG 10 TABLETS  15000,BEC 500 II,22.5
SOLVETRA 2 TAB    320000,Sieving/milling,1
SOLVETRA 2 TAB    320000,Alexanderwerck,0.5
SOLVETRA 2 TAB    320000,Fette 2100,80
SOLVETRA 2 TAB    320000,Fette 3090,250
SOLVETRA 2 TAB    320000,Fette 3090 II,250
SOLVETRA 2 TAB    320000,GCS 500,0.25
SOLVETRA 2 TAB    320000,GCS 700,0.25
SOLVETRA 2 TAB    320000,CAM,25
STOPADOL 500 MG 10 TAB.   140000,VG1200/FBD,0.1
STOPADOL 500 MG 10 TAB.   140000,Fette 2100,80
STOPADOL 500 MG 10 TAB.   140000,Fette 3090,200
STOPADOL 500 MG 10 TAB.   140000,Fette 3090 II,200
STOPADOL 500 MG 10 TAB.   140000,Uhlmann,7
STOPADOL 500 MG 10 TAB.   140000,BEC 500,7
STOPADOL 500 MG 10 TAB.   140000,BEC 500 II,7
STOPADOL 500 MG 10 TAB.   140000,VG 1500/WSG 500,0.1
STOPADOL 500 MG 10 TAB.   20000,VG600/Tray Oven,0.2
STOPADOL 500 MG 10 TAB.   20000,VG1200/FBD,0.3
STOPADOL 500 MG 10 TAB.   20000,Fette 2100,80
STOPADOL 500 MG 10 TAB.   20000,Fette 3090,200
STOPADOL 500 MG 10 TAB.   20000,Fette 3090 II,200
STOPADOL 500 MG 10 TAB.   20000,Uhlmann,7
STOPADOL 500 MG 10 TAB.   20000,BEC 500,7
STOPADOL 500 MG 10 TAB.   20000,BEC 500 II,7
STOPADOL 500 MG 10 TAB.   20000,VG 1500/WSG 500,0.3
STOPADOL COLD & FLU 10 CAP   20000,Alexanderwerck,0.1
STOPADOL COLD & FLU 10 CAP   20000,Syntegon 2500,80
STOPADOL COLD & FLU 10 CAP   20000,Bosch 2500,80
STOPADOL COLD & FLU 10 CAP   20000,Uhlmann,18
STOPADOL COLD & FLU 10 CAP   20000,BEC 500,18
STOPADOL COLD & FLU 10 CAP   20000,BEC 500 II,18
STOPADOL EXTRA 10 TAB   20000,VG600/Tray Oven,2
STOPADOL EXTRA 10 TAB   20000,VG1200/FBD,2.5
STOPADOL EXTRA 10 TAB   20000,Korsch XL400,45
STOPADOL EXTRA 10 TAB   20000,Fette 3090,150
STOPADOL EXTRA 10 TAB   20000,Fette 3090 II,150
STOPADOL EXTRA 10 TAB   20000,GCS 500,0.333333333
STOPADOL EXTRA 10 TAB   20000,GCS 700,0.333333333
STOPADOL EXTRA 10 TAB   20000,Uhlmann,20
STOPADOL EXTRA 10 TAB   20000,BEC 500,20
STOPADOL EXTRA 10 TAB   20000,BEC 500 II,20
STOPADOL EXTRA 10 TAB   20000,VG 1500/WSG 500,0.25
TARDANZA 60 MG 3 TAB  25000,Sieving/milling,0.5
TARDANZA 60 MG 3 TAB  25000,Alexanderwerck,1
TARDANZA 60 MG 3 TAB  25000,Fette 2100,80
TARDANZA 60 MG 3 TAB  25000,GCS 500,1
TARDANZA 60 MG 3 TAB  25000,Uhlmann,20
TARDANZA 60 MG 3 TAB  25000,BEC 500,20
TARDANZA 60 MG 3 TAB  25000,BEC 500 II,20
TARDANZA 60 MG 3 TAB  45000,Sieving/milling,0.5
TARDANZA 60 MG 3 TAB  45000,Alexanderwerck,0.8
TARDANZA 60 MG 3 TAB  45000,Fette 2100,80
TARDANZA 60 MG 3 TAB  45000,GCS 500,0.8
TARDANZA 60 MG 3 TAB  45000,Uhlmann,20
TARDANZA 60 MG 3 TAB  45000,BEC 500,20
TARDANZA 60 MG 3 TAB  45000,BEC 500 II,20
TARDANZA 60 MG 3 TAB  90000,Sieving/milling,0.5
TARDANZA 60 MG 3 TAB  90000,Alexanderwerck,0.4
TARDANZA 60 MG 3 TAB  90000,Fette 2100,80
TARDANZA 60 MG 3 TAB  90000,GCS 500,0.4
TARDANZA 60 MG 3 TAB  90000,Uhlmann,20
TARDANZA 60 MG 3 TAB  90000,BEC 500,20
TARDANZA 60 MG 3 TAB  90000,BEC 500 II,20
THIOTACID 300 MG 10 TAB  120000,Sieving/milling,0.5
THIOTACID 300 MG 10 TAB  120000,Korsch XL400,40
THIOTACID 300 MG 10 TAB  120000,GCS 500,2
THIOTACID 300 MG 10 TAB  120000,Uhlmann,22.5
THIOTACID 300 MG 10 TAB  120000,BEC 500,22.5
THIOTACID 300 MG 10 TAB  120000,BEC 500 II,22.5
THIOTACID 600 MG 10 TAB  24000,Sieving/milling,0.5
THIOTACID 600 MG 10 TAB  24000,Fette 3090,80
THIOTACID 600 MG 10 TAB  24000,Fette 3090 II,80
THIOTACID 600 MG 10 TAB  24000,GCS 500,2
THIOTACID 600 MG 10 TAB  24000,Uhlmann,21
THIOTACID 600 MG 10 TAB  24000,BEC 500,21
THIOTACID 600 MG 10 TAB  24000,BEC 500 II,21
THIOTACID 600 MG 10 TAB  60000,Sieving/milling,0.5
THIOTACID 600 MG 10 TAB  60000,Fette 3090,80
THIOTACID 600 MG 10 TAB  60000,Fette 3090 II,80
THIOTACID 600 MG 10 TAB  60000,GCS 500,2
THIOTACID 600 MG 10 TAB  60000,Uhlmann,21
THIOTACID 600 MG 10 TAB  60000,BEC 500,21
THIOTACID 600 MG 10 TAB  60000,BEC 500 II,21
TIAMOGOL POWDER 1 KG 800,VG600/Tray Oven,4
TIAMOGOL POWDER 1 KG 800,VG1200/FBD,0.142857143
TIAMOGOL POWDER 1 KG 800,Semiautomatic Powder Filling,0.1
TIAMOGOL POWDER 1 KG 800,VG 1500/WSG 500,0.166666667
TROSPAMEXINE 10 TAB.   160000,Sieving/milling,0.5
TROSPAMEXINE 10 TAB.   160000,Alexanderwerck,0.4
TROSPAMEXINE 10 TAB.   160000,Fette 2100,60
TROSPAMEXINE 10 TAB.   160000,GCS 500,0.25
TROSPAMEXINE 10 TAB.   160000,Uhlmann,27
TROSPAMEXINE 10 TAB.   160000,BEC 500,27
TROSPAMEXINE 10 TAB.   160000,BEC 500 II,27
VARDENAFIL EVA 20 MG 1 TAB FOR KSA  380000,Sieving/milling,1
VARDENAFIL EVA 20 MG 1 TAB FOR KSA  380000,Alexanderwerck,1
VARDENAFIL EVA 20 MG 1 TAB FOR KSA  380000,Fette 2100,80
VARDENAFIL EVA 20 MG 1 TAB FOR KSA  380000,Fette 3090,250
VARDENAFIL EVA 20 MG 1 TAB FOR KSA  380000,Fette 3090 II,250
VARDENAFIL EVA 20 MG 1 TAB FOR KSA  380000,GCS 500,0.25
VARDENAFIL EVA 20 MG 1 TAB FOR KSA  380000,GCS 700,0.25
VARDENAFIL EVA 20 MG 1 TAB FOR KSA  380000,CAM,25
Vibryna 75 mg,Fette 2100,50
VIRECTA 100 MG 4 TAB   337500,Sieving/milling,0.5
VIRECTA 100 MG 4 TAB   337500,Alexanderwerck,0.25
VIRECTA 100 MG 4 TAB   337500,Fette 2100,80
VIRECTA 100 MG 4 TAB   337500,Fette 3090,300
VIRECTA 100 MG 4 TAB   337500,Fette 3090 II,300
VIRECTA 100 MG 4 TAB   337500,GCS 500,0.125
VIRECTA 100 MG 4 TAB   337500,GCS 700,0.125
VIRECTA 100 MG 4 TAB   337500,CAM,20
VIRECTA 100 MG 4 TAB   337500,Uhlmann,20
VIRECTA 100 MG 4 TAB   337500,BEC 500,20
VIRECTA 100 MG 4 TAB   337500,BEC 500 II,20
VIRECTA PLUS,Sieving/milling,0.5
VIRECTA PLUS,Alexanderwerck,0.5
VIRECTA PLUS,Fette 3090,120
VIRECTA PLUS,Fette 3090 II,120
VIRECTA PLUS,Uhlmann,20
VIRECTA PLUS,BEC 500,20
VIRECTA PLUS,BEC 500 II,20
VITAFERROL SOFT GELATIN CAPSULES  400000,Uhlmann,10
VITAFERROL SOFT GELATIN CAPSULES  400000,BEC 500,10
VITAFERROL SOFT GELATIN CAPSULES  400000,BEC 500 II,10
vortoxicalm 10mg,Sieving/milling,0.5
vortoxicalm 10mg,VG600/Tray Oven,0.166666667
vortoxicalm 10mg,VG1200/FBD,0.166666667
vortoxicalm 10mg,Fette 2100,80
vortoxicalm 10mg,Fette 3090,300
vortoxicalm 10mg,Fette 3090 II,300
vortoxicalm 10mg,GCS 500,0.333333333
vortoxicalm 10mg,GCS 700,0.333333333
vortoxicalm 10mg,Uhlmann,24
vortoxicalm 10mg,BEC 500,24
vortoxicalm 10mg,BEC 500 II,24
vortoxicalm 10mg,VG 1500/WSG 500,0.166666667
vortoxicalm 15mg,Sieving/milling,0.5
vortoxicalm 15mg,VG600/Tray Oven,0.166666667
vortoxicalm 15mg,VG1200/FBD,0.166666667
vortoxicalm 15mg,Fette 2100,80
vortoxicalm 15mg,Fette 3090,300
vortoxicalm 15mg,Fette 3090 II,300
vortoxicalm 15mg,GCS 500,0.333333333
vortoxicalm 15mg,GCS 700,0.333333333
vortoxicalm 15mg,Uhlmann,24
vortoxicalm 15mg,BEC 500,24
vortoxicalm 15mg,BEC 500 II,24
vortoxicalm 15mg,VG 1500/WSG 500,0.166666667
vortoxicalm 20mg,Sieving/milling,0.5
vortoxicalm 20mg,VG600/Tray Oven,0.166666667
vortoxicalm 20mg,VG1200/FBD,0.166666667
vortoxicalm 20mg,Fette 2100,80
vortoxicalm 20mg,Fette 3090,300
vortoxicalm 20mg,Fette 3090 II,300
vortoxicalm 20mg,GCS 500,0.333333333
vortoxicalm 20mg,GCS 700,0.333333333
vortoxicalm 20mg,Uhlmann,24
vortoxicalm 20mg,BEC 500,24
vortoxicalm 20mg,BEC 500 II,24
vortoxicalm 20mg,VG 1500/WSG 500,0.166666667
ZANOGLIDE 2/30 MG 10 TAB   180000,VG1200/FBD,0.052631579
ZANOGLIDE 2/30 MG 10 TAB   180000,Fette 2100,80
ZANOGLIDE 2/30 MG 10 TAB   180000,Fette 3090,220
ZANOGLIDE 2/30 MG 10 TAB   180000,Fette 3090 II,220
ZANOGLIDE 2/30 MG 10 TAB   180000,Uhlmann,17.5
ZANOGLIDE 2/30 MG 10 TAB   180000,BEC 500,17.5
ZANOGLIDE 2/30 MG 10 TAB   180000,BEC 500 II,17.5
ZANOGLIDE 2/30 MG 10 TAB   180000,VG 1500/WSG 500,0.052631579
ZANOGLIDE 2/30 MG 10 TAB   45000,VG1200/FBD,0.1
ZANOGLIDE 2/30 MG 10 TAB   45000,Fette 2100,80
ZANOGLIDE 2/30 MG 10 TAB   45000,Fette 3090,220
ZANOGLIDE 2/30 MG 10 TAB   45000,Fette 3090 II,220
ZANOGLIDE 2/30 MG 10 TAB   45000,Uhlmann,17.5
ZANOGLIDE 2/30 MG 10 TAB   45000,BEC 500,17.5
ZANOGLIDE 2/30 MG 10 TAB   45000,BEC 500 II,17.5
ZANOGLIDE 2/30 MG 10 TAB   45000,VG 1500/WSG 500,0.1
ZANOGLIDE 4/30 MG 10 TAB   180000,VG1200/FBD,0.052631579
ZANOGLIDE 4/30 MG 10 TAB   180000,Fette 2100,80
ZANOGLIDE 4/30 MG 10 TAB   180000,Fette 3090,220
ZANOGLIDE 4/30 MG 10 TAB   180000,Fette 3090 II,220
ZANOGLIDE 4/30 MG 10 TAB   180000,Uhlmann,17.5
ZANOGLIDE 4/30 MG 10 TAB   180000,BEC 500,17.5
ZANOGLIDE 4/30 MG 10 TAB   180000,BEC 500 II,17.5
ZANOGLIDE 4/30 MG 10 TAB   180000,VG 1500/WSG 500,0.052631579
ZANOGLIDE 4/30 MG 10 TAB   195000,VG1200/FBD,0.052631579
ZANOGLIDE 4/30 MG 10 TAB   195000,Fette 2100,80
ZANOGLIDE 4/30 MG 10 TAB   195000,Fette 3090,220
ZANOGLIDE 4/30 MG 10 TAB   195000,Fette 3090 II,220
ZANOGLIDE 4/30 MG 10 TAB   195000,Uhlmann,17.5
ZANOGLIDE 4/30 MG 10 TAB   195000,BEC 500,17.5
ZANOGLIDE 4/30 MG 10 TAB   195000,BEC 500 II,17.5
ZANOGLIDE 4/30 MG 10 TAB   195000,VG 1500/WSG 500,0.052631579
ZANOGLIDE 4/30 MG 10 TAB   45000,VG1200/FBD,0.1
ZANOGLIDE 4/30 MG 10 TAB   45000,Fette 2100,80
ZANOGLIDE 4/30 MG 10 TAB   45000,Fette 3090,220
ZANOGLIDE 4/30 MG 10 TAB   45000,Fette 3090 II,220
ZANOGLIDE 4/30 MG 10 TAB   45000,Uhlmann,17.5
ZANOGLIDE 4/30 MG 10 TAB   45000,BEC 500,17.5
ZANOGLIDE 4/30 MG 10 TAB   45000,BEC 500 II,17.5
ZANOGLIDE 4/30 MG 10 TAB   45000,VG 1500/WSG 500,0.1
